source_seed,replicate,swap,sampled_population,ancestor_population,status,contrast,sampled_fraction
1900,0,0,0,0,both_extinct,0,
1900,0,1,0,0,both_extinct,0,
1900,1,0,0,0,both_extinct,0,
1900,1,1,0,0,both_extinct,0,
1900,2,0,49,0,sampled_only,49/40,1
1900,2,1,0,49,ancestor_only,-49/40,0
1900,3,0,0,93,ancestor_only,-93/40,0
1900,3,1,93,0,sampled_only,93/40,1
1900,4,0,0,20,ancestor_only,-1/2,0
1900,4,1,20,0,sampled_only,1/2,1
1901,0,0,0,0,both_extinct,0,
1901,0,1,0,0,both_extinct,0,
1901,1,0,220,0,sampled_only,11/2,1
1901,1,1,0,220,ancestor_only,-11/2,0
1901,2,0,0,45,ancestor_only,-9/8,0
1901,2,1,45,0,sampled_only,9/8,1
1901,3,0,0,40,ancestor_only,-1,0
1901,3,1,40,0,sampled_only,1,1
1901,4,0,26,0,sampled_only,13/20,1
1901,4,1,0,26,ancestor_only,-13/20,0
1902,0,0,0,0,both_extinct,0,
1902,0,1,0,0,both_extinct,0,
1902,1,0,0,0,both_extinct,0,
1902,1,1,0,0,both_extinct,0,
1902,2,0,80,0,sampled_only,2,1
1902,2,1,0,80,ancestor_only,-2,0
1902,3,0,0,0,both_extinct,0,
1902,3,1,0,0,both_extinct,0,
1902,4,0,0,0,both_extinct,0,
1902,4,1,0,0,both_extinct,0,
1903,0,0,0,19,ancestor_only,-19/40,0
1903,0,1,19,0,sampled_only,19/40,1
1903,1,0,29,0,sampled_only,29/40,1
1903,1,1,0,29,ancestor_only,-29/40,0
1903,2,0,0,46,ancestor_only,-23/20,0
1903,2,1,46,0,sampled_only,23/20,1
1903,3,0,0,0,both_extinct,0,
1903,3,1,0,0,both_extinct,0,
1903,4,0,0,41,ancestor_only,-41/40,0
1903,4,1,41,0,sampled_only,41/40,1
1904,0,0,0,31,ancestor_only,-31/40,0
1904,0,1,31,0,sampled_only,31/40,1
1904,1,0,0,0,both_extinct,0,
1904,1,1,0,0,both_extinct,0,
1904,2,0,0,0,both_extinct,0,
1904,2,1,0,0,both_extinct,0,
1904,3,0,0,0,both_extinct,0,
1904,3,1,0,0,both_extinct,0,
1904,4,0,57,0,sampled_only,57/40,1
1904,4,1,0,57,ancestor_only,-57/40,0
1905,0,0,0,0,both_extinct,0,
1905,0,1,0,0,both_extinct,0,
1905,1,0,38,0,sampled_only,19/20,1
1905,1,1,0,38,ancestor_only,-19/20,0
1905,2,0,0,0,both_extinct,0,
1905,2,1,0,0,both_extinct,0,
1905,3,0,0,0,both_extinct,0,
1905,3,1,0,0,both_extinct,0,
1905,4,0,0,0,both_extinct,0,
1905,4,1,0,0,both_extinct,0,
1906,0,0,43,0,sampled_only,43/40,1
1906,0,1,0,43,ancestor_only,-43/40,0
1906,1,0,0,0,both_extinct,0,
1906,1,1,0,0,both_extinct,0,
1906,2,0,0,0,both_extinct,0,
1906,2,1,0,0,both_extinct,0,
1906,3,0,0,0,both_extinct,0,
1906,3,1,0,0,both_extinct,0,
1906,4,0,0,0,both_extinct,0,
1906,4,1,0,0,both_extinct,0,
1907,0,0,16,0,sampled_only,2/5,1
1907,0,1,0,16,ancestor_only,-2/5,0
1907,1,0,0,0,both_extinct,0,
1907,1,1,0,0,both_extinct,0,
1907,2,0,0,19,ancestor_only,-19/40,0
1907,2,1,19,0,sampled_only,19/40,1
1907,3,0,0,70,ancestor_only,-7/4,0
1907,3,1,70,0,sampled_only,7/4,1
1907,4,0,0,0,both_extinct,0,
1907,4,1,0,0,both_extinct,0,
1908,0,0,0,0,both_extinct,0,
1908,0,1,0,0,both_extinct,0,
1908,1,0,0,0,both_extinct,0,
1908,1,1,0,0,both_extinct,0,
1908,2,0,0,0,both_extinct,0,
1908,2,1,0,0,both_extinct,0,
1908,3,0,46,0,sampled_only,23/20,1
1908,3,1,0,46,ancestor_only,-23/20,0
1908,4,0,0,0,both_extinct,0,
1908,4,1,0,0,both_extinct,0,
1909,0,0,0,75,ancestor_only,-15/8,0
1909,0,1,0,93,ancestor_only,-93/40,0
1909,1,0,20,0,sampled_only,1/2,1
1909,1,1,0,46,ancestor_only,-23/20,0
1909,2,0,0,0,both_extinct,0,
1909,2,1,34,0,sampled_only,17/20,1
1909,3,0,27,0,sampled_only,27/40,1
1909,3,1,50,0,sampled_only,5/4,1
1909,4,0,66,0,sampled_only,33/20,1
1909,4,1,0,46,ancestor_only,-23/20,0
1910,0,0,0,56,ancestor_only,-7/5,0
1910,0,1,56,0,sampled_only,7/5,1
1910,1,0,55,0,sampled_only,11/8,1
1910,1,1,0,55,ancestor_only,-11/8,0
1910,2,0,0,0,both_extinct,0,
1910,2,1,0,0,both_extinct,0,
1910,3,0,0,0,both_extinct,0,
1910,3,1,0,0,both_extinct,0,
1910,4,0,0,0,both_extinct,0,
1910,4,1,0,0,both_extinct,0,
1911,0,0,0,0,both_extinct,0,
1911,0,1,0,0,both_extinct,0,
1911,1,0,0,0,both_extinct,0,
1911,1,1,0,0,both_extinct,0,
1911,2,0,0,15,ancestor_only,-3/8,0
1911,2,1,15,0,sampled_only,3/8,1
1911,3,0,0,94,ancestor_only,-47/20,0
1911,3,1,94,0,sampled_only,47/20,1
1911,4,0,0,0,both_extinct,0,
1911,4,1,0,0,both_extinct,0,
1912,0,0,78,0,sampled_only,39/20,1
1912,0,1,41,0,sampled_only,41/40,1
1912,1,0,26,0,sampled_only,13/20,1
1912,1,1,52,0,sampled_only,13/10,1
1912,2,0,23,0,sampled_only,23/40,1
1912,2,1,0,0,both_extinct,0,
1912,3,0,73,0,sampled_only,73/40,1
1912,3,1,40,0,sampled_only,1,1
1912,4,0,0,0,both_extinct,0,
1912,4,1,0,0,both_extinct,0,
1913,0,0,0,0,both_extinct,0,
1913,0,1,0,0,both_extinct,0,
1913,1,0,37,0,sampled_only,37/40,1
1913,1,1,0,57,ancestor_only,-57/40,0
1913,2,0,63,0,sampled_only,63/40,1
1913,2,1,41,0,sampled_only,41/40,1
1913,3,0,54,0,sampled_only,27/20,1
1913,3,1,27,0,sampled_only,27/40,1
1913,4,0,0,0,both_extinct,0,
1913,4,1,52,0,sampled_only,13/10,1
1914,0,0,0,0,both_extinct,0,
1914,0,1,0,0,both_extinct,0,
1914,1,0,49,0,sampled_only,49/40,1
1914,1,1,0,49,ancestor_only,-49/40,0
1914,2,0,52,0,sampled_only,13/10,1
1914,2,1,0,52,ancestor_only,-13/10,0
1914,3,0,50,0,sampled_only,5/4,1
1914,3,1,0,50,ancestor_only,-5/4,0
1914,4,0,0,0,both_extinct,0,
1914,4,1,0,0,both_extinct,0,
1915,0,0,0,0,both_extinct,0,
1915,0,1,0,0,both_extinct,0,
1915,1,0,113,0,sampled_only,113/40,1
1915,1,1,0,113,ancestor_only,-113/40,0
1915,2,0,0,65,ancestor_only,-13/8,0
1915,2,1,65,0,sampled_only,13/8,1
1915,3,0,0,0,both_extinct,0,
1915,3,1,0,0,both_extinct,0,
1915,4,0,0,99,ancestor_only,-99/40,0
1915,4,1,99,0,sampled_only,99/40,1
1916,0,0,0,0,both_extinct,0,
1916,0,1,0,0,both_extinct,0,
1916,1,0,0,40,ancestor_only,-1,0
1916,1,1,40,0,sampled_only,1,1
1916,2,0,0,0,both_extinct,0,
1916,2,1,0,0,both_extinct,0,
1916,3,0,0,0,both_extinct,0,
1916,3,1,0,0,both_extinct,0,
1916,4,0,0,0,both_extinct,0,
1916,4,1,0,0,both_extinct,0,
1917,0,0,0,0,both_extinct,0,
1917,0,1,0,0,both_extinct,0,
1917,1,0,0,0,both_extinct,0,
1917,1,1,0,0,both_extinct,0,
1917,2,0,0,0,both_extinct,0,
1917,2,1,0,0,both_extinct,0,
1917,3,0,0,0,both_extinct,0,
1917,3,1,0,0,both_extinct,0,
1917,4,0,0,0,both_extinct,0,
1917,4,1,0,0,both_extinct,0,
1918,0,0,41,0,sampled_only,41/40,1
1918,0,1,0,0,both_extinct,0,
1918,1,0,153,0,sampled_only,153/40,1
1918,1,1,33,0,sampled_only,33/40,1
1918,2,0,40,0,sampled_only,1,1
1918,2,1,62,0,sampled_only,31/20,1
1918,3,0,54,0,sampled_only,27/20,1
1918,3,1,0,0,both_extinct,0,
1918,4,0,45,0,sampled_only,9/8,1
1918,4,1,58,0,sampled_only,29/20,1
1919,0,0,70,0,sampled_only,7/4,1
1919,0,1,0,70,ancestor_only,-7/4,0
1919,1,0,0,0,both_extinct,0,
1919,1,1,0,0,both_extinct,0,
1919,2,0,15,0,sampled_only,3/8,1
1919,2,1,0,15,ancestor_only,-3/8,0
1919,3,0,25,0,sampled_only,5/8,1
1919,3,1,0,25,ancestor_only,-5/8,0
1919,4,0,49,0,sampled_only,49/40,1
1919,4,1,0,49,ancestor_only,-49/40,0
