arm,birth_threshold,renewal,food_capacity,movement_cost,birth_cost,seed,tick,population,births,deaths,organism_energy,food_energy,supplied_energy,dissipated_energy,mean_genome,genome_variants,founder_lineages,max_generation,resources_added_by_100,cumulative_uptake_by_100,population_at_100,births_at_100,early_peak_population,first_peak_tick,food_eaten_by_100,food_at_100,organism_energy_at_100,resources_added_by_500,cumulative_uptake_by_500,population_at_500,resources_added_by_5000,cumulative_uptake_by_5000,population_at_5000,resources_added_by_10000,cumulative_uptake_by_10000,active_start_ticks,empty_start_ticks,food_at_active_window_end,resources_added_during_active_start_ticks,cumulative_uptake_at_active_window_end,resources_added_after_extinction,extinction_tick,right_censored,founders_on_food,food_under_founders
block,40,frequent-small,24,0,0,1800,10000,0,160,240,0,24576,32893,8317,,0,0,,5997,6397,0,160,204,23,6397,4720,0,25246,6397,0,25853,6397,0,25853,6397,97,9903,4538,5815,6397,20038,97,False,15,360
block,40,frequent-small,24,0,0,1801,10000,0,1058,1138,0,24576,78539,53963,,0,0,,5971,6150,2,149,211,24,6150,4941,23,29735,29568,8,71499,52043,0,71499,52043,939,9061,8888,55811,52043,15688,939,False,18,432
block,40,frequent-small,24,0,0,1802,10000,0,7563,7643,0,24576,485977,461401,,0,0,,5900,6317,5,148,160,25,6317,4703,16,29979,29681,13,299191,298552,35,478937,459481,7747,2253,8513,462874,459481,16063,7747,False,10,240
block,40,frequent-small,24,0,0,1803,10000,0,159,239,0,24576,32961,8385,,0,0,,5886,6395,6,159,189,23,6395,4611,36,25242,6465,0,25921,6465,0,25921,6465,151,9849,7656,9001,6465,16920,151,False,15,360
block,40,frequent-small,24,0,0,1804,10000,58,9131,9153,1009,7721,605610,596880,250.0,1,1,256,5810,6526,5,155,161,23,6526,4404,41,29236,30927,35,298851,299062,61,598570,595969,10000,0,7721,598570,595969,0,,True,10,240
block,40,frequent-small,24,0,0,1805,10000,0,147,227,0,24576,33162,8586,,0,0,,6023,6460,6,147,196,25,6460,4683,56,25385,6666,0,26122,6666,0,26122,6666,284,9716,15730,17276,6666,8846,284,False,17,408
block,40,frequent-small,24,0,0,1806,10000,124,9188,9144,2551,10515,606872,593806,250.0,1,1,237,5898,6407,3,145,204,24,6407,4611,42,30154,28316,3,300287,296871,31,599832,594437,10000,0,10515,599832,594437,0,,True,14,336
block,40,frequent-small,24,0,0,1807,10000,34,9394,9440,632,9242,605836,595962,250.0,1,1,262,5851,6316,5,159,206,24,6316,4655,30,29879,29830,13,298861,297521,18,598796,594674,10000,0,9242,598796,594674,0,,True,15,360
block,40,frequent-small,24,0,0,1808,10000,0,149,229,0,24576,32922,8346,,0,0,,5853,6419,7,149,192,24,6419,4554,27,25389,6426,0,25882,6426,0,25882,6426,112,9888,5299,6605,6426,19277,112,False,9,216
block,40,frequent-small,24,0,0,1809,10000,14,9230,9296,257,7171,605568,598140,250.0,1,1,235,5985,6384,5,151,207,23,6384,4721,75,29881,29375,14,298250,298578,62,598528,596477,10000,0,7171,598528,596477,0,,True,19,456
block,40,frequent-small,96,0,0,1800,10000,21,9930,9989,323,7050,621286,613913,250.0,1,1,247,6134,6675,6,157,213,23,6675,4579,98,30698,31028,9,307189,303492,34,614246,612316,10000,0,7050,614246,612316,0,,True,15,360
block,40,frequent-small,96,0,0,1801,10000,0,164,244,0,98304,106613,8309,,0,0,,6163,6389,0,164,215,23,6389,4894,0,30627,6389,0,99573,6389,0,99573,6389,94,9906,4543,5812,6389,93761,94,False,18,432
block,40,frequent-small,96,0,0,1802,10000,0,158,238,0,98304,106953,8649,,0,0,,6181,6721,5,158,169,25,6721,4580,31,30877,6729,0,99913,6729,0,99913,6729,116,9884,5577,7186,6729,92727,116,False,10,240
block,40,frequent-small,96,0,0,1803,10000,44,10073,10109,912,6783,621221,613526,250.0,1,1,227,6133,6478,10,154,189,23,6478,4775,115,30668,29926,9,307687,305518,26,614181,612518,10000,0,6783,614181,612518,0,,True,15,360
block,40,frequent-small,96,0,0,1804,10000,57,10061,10084,1168,6859,621442,613415,250.0,1,1,220,6087,6668,5,153,175,25,6668,4539,38,30734,28882,6,307209,305334,25,614402,612663,10000,0,6859,614402,612663,0,,True,10,240
block,40,frequent-small,96,0,0,1805,10000,0,152,232,0,98304,106796,8492,,0,0,,6225,6572,0,152,200,23,6572,4773,0,30702,6572,0,99756,6572,0,99756,6572,94,9906,4398,5850,6572,93906,94,False,17,408
block,40,frequent-small,96,0,0,1806,10000,0,157,237,0,98304,106952,8648,,0,0,,6141,6625,5,157,200,24,6625,4636,100,30924,6728,0,99912,6728,0,99912,6728,170,9830,8793,10401,6728,89511,170,False,14,336
block,40,frequent-small,96,0,0,1807,10000,98,9860,9842,2025,6460,621481,612996,250.0,1,1,256,6025,6725,6,160,214,24,6725,4420,79,30514,30782,12,307040,307086,53,614441,613101,10000,0,6460,614441,613101,0,,True,15,360
block,40,frequent-small,96,0,0,1808,10000,37,10090,10133,427,3561,621018,617030,250.0,1,1,265,6126,6784,4,164,203,24,6784,4462,47,31001,31816,13,306776,306659,61,613978,615537,10000,0,3561,613978,615537,0,,True,9,216
block,40,frequent-small,96,0,0,1809,10000,0,155,235,0,98304,106759,8455,,0,0,,6148,6511,4,155,211,23,6511,4757,28,30656,6535,0,99719,6535,0,99719,6535,136,9864,6948,8363,6535,91356,136,False,19,456
block,40,reference,24,0,0,1800,10000,48,9163,9195,901,8416,578052,568735,250.0,1,1,249,6056,6312,2,159,214,23,6312,4864,29,28732,28612,31,285544,283216,72,571012,567716,10000,0,8416,571012,567716,0,,True,15,360
block,40,reference,24,0,0,1801,10000,74,9516,9522,1121,5788,582452,575543,250.0,1,1,300,6156,6404,5,150,184,22,6404,4872,39,28936,27868,34,288172,285856,31,575412,574744,10000,0,5788,575412,574744,0,,True,18,432
block,40,reference,24,0,0,1802,10000,17,9411,9474,348,9384,579816,570084,250.0,1,1,225,5876,6384,5,152,173,23,6384,4612,86,28124,28640,15,286212,285544,56,572776,568512,10000,0,9384,572776,568512,0,,True,10,240
block,40,reference,24,0,0,1803,10000,0,159,239,0,24576,32696,8120,,0,0,,6036,6184,3,159,191,23,6184,4972,43,23372,6200,0,25656,6200,0,25656,6200,127,9873,6620,7700,6200,17956,127,False,15,360
block,40,reference,24,0,0,1804,10000,42,9451,9489,644,8036,579652,570972,250.0,1,1,242,5616,6456,9,153,177,23,6456,4280,106,28412,28324,20,285148,281272,40,572612,569696,10000,0,8036,572612,569696,0,,True,10,240
block,40,reference,24,0,0,1805,10000,45,9624,9659,889,9400,581176,570887,250.0,1,1,253,5948,6424,8,151,201,23,6424,4644,74,28556,27988,10,286376,283484,65,574136,569856,10000,0,9400,574136,569856,0,,True,17,408
block,40,reference,24,0,0,1806,10000,57,9578,9601,1062,6576,580232,572594,250.0,1,1,296,6056,6388,4,153,208,23,6388,4788,79,27908,27760,14,284764,280972,79,573192,571736,10000,0,6576,573192,571736,0,,True,14,336
block,40,reference,24,0,0,1807,10000,0,166,246,0,24576,32664,8088,,0,0,,5640,6168,0,166,205,23,6168,4592,0,23648,6168,0,25624,6168,0,25624,6168,97,9903,4436,5484,6168,20140,97,False,15,360
block,40,reference,24,0,0,1808,10000,97,9334,9317,1550,4112,584148,578486,250.0,1,1,261,5628,6376,5,149,189,23,6376,4372,45,28768,27812,21,288168,287048,28,577108,578116,10000,0,4112,577108,578116,0,,True,9,216
block,40,reference,24,0,0,1809,10000,60,9404,9424,1125,8352,581952,572475,250.0,1,1,282,6080,6404,2,157,217,23,6404,4796,25,27864,29420,10,286256,282636,38,574912,571680,10000,0,8352,574912,571680,0,,True,19,456
block,40,reference,96,0,0,1800,10000,54,10517,10543,993,5632,617840,611215,250.0,1,1,282,6176,6364,1,168,227,23,6364,4932,28,30700,30560,6,305388,301164,19,610800,610288,10000,0,5632,610800,610288,0,,True,15,360
block,40,reference,96,0,0,1801,10000,116,11224,11188,2203,4832,622136,615101,250.0,1,1,286,6500,6672,13,154,190,23,6672,4948,181,31368,34008,42,308284,309036,120,615096,615384,10000,0,4832,615096,615384,0,,True,18,432
block,40,reference,96,0,0,1802,10000,54,10537,10563,810,5556,622584,616218,250.0,1,1,288,6040,6408,5,153,178,23,6408,4752,74,30856,30252,12,307000,305000,62,615544,615108,10000,0,5556,615544,615108,0,,True,10,240
block,40,reference,96,0,0,1803,10000,0,158,238,0,98304,107224,8920,,0,0,,6284,6912,8,158,185,23,6912,4492,96,30840,7000,0,100184,7000,0,100184,7000,156,9844,7816,9696,7000,90488,156,False,15,360
block,40,reference,96,0,0,1804,10000,40,10672,10712,619,5964,619992,613409,250.0,1,1,269,5900,6608,5,164,184,23,6608,4412,41,30552,28188,5,306664,308220,147,612952,612108,10000,0,5964,612952,612108,0,,True,10,240
block,40,reference,96,0,0,1805,10000,39,10363,10404,650,10428,622468,611390,250.0,1,1,223,6008,6472,3,163,201,23,6472,4656,40,30648,30584,10,307464,304704,108,615428,610120,10000,0,10428,615428,610120,0,,True,17,408
block,40,reference,96,0,0,1806,10000,0,162,242,0,98304,106956,8652,,0,0,,6224,6728,3,162,209,23,6728,4616,16,30488,6732,0,99916,6732,0,99916,6732,108,9892,5088,6700,6732,93216,108,False,14,336
block,40,reference,96,0,0,1807,10000,0,162,242,0,98304,106644,8340,,0,0,,5800,6392,5,162,206,23,6392,4528,51,30812,6420,0,99604,6420,0,99604,6420,134,9866,6728,8028,6420,91576,134,False,15,360
block,40,reference,96,0,0,1808,10000,70,10825,10835,1339,7440,622516,613737,250.0,1,1,292,5856,6568,6,157,185,23,6568,4408,72,30744,30572,14,307192,301376,38,615476,613156,10000,0,7440,615476,613156,0,,True,9,216
block,40,reference,96,0,0,1809,10000,0,162,242,0,98304,107044,8740,,0,0,,6252,6684,6,162,217,23,6684,4688,78,30840,6820,0,100004,6820,0,100004,6820,166,9834,8604,10304,6820,89700,166,False,19,456
block,40,rare-large,24,0,0,1800,10000,0,6821,6901,0,24576,394732,370156,,0,0,,6164,6648,8,162,213,23,6648,4636,160,26124,25100,20,251376,248840,56,387692,368236,7452,2548,9996,373112,368236,14580,7452,False,15,360
block,40,rare-large,24,0,0,1801,10000,32,9234,9282,661,8064,508488,499763,250.0,1,1,307,6208,6720,9,164,208,23,6720,4608,105,26208,27044,36,249608,245156,31,501448,498504,10000,0,8064,501448,498504,0,,True,18,432
block,40,rare-large,24,0,0,1802,10000,42,9333,9371,675,6960,506488,498853,250.0,1,1,326,5652,6600,8,160,169,23,6600,4172,147,26360,25496,14,249400,248928,39,499448,497608,10000,0,6960,499448,497608,0,,True,10,240
block,40,rare-large,24,0,0,1803,10000,34,9260,9306,630,7284,509336,501422,250.0,1,1,315,5516,6436,12,149,176,23,6436,4200,226,22212,16904,172,249672,248052,31,502296,500132,10000,0,7284,502296,500132,0,,True,15,360
block,40,rare-large,24,0,0,1804,10000,0,151,231,0,24576,32664,8088,,0,0,,5236,6100,7,151,175,23,6100,4256,102,20436,6168,0,25624,6168,0,25624,6168,155,9845,7368,8416,6168,17208,155,False,10,240
block,40,rare-large,24,0,0,1805,10000,0,156,236,0,24576,33196,8620,,0,0,,6052,6544,11,155,195,23,6544,4628,131,21368,6700,0,26156,6700,0,26156,6700,178,9822,8972,10552,6700,15604,178,False,17,408
block,40,rare-large,24,0,0,1806,10000,41,9131,9170,730,8508,510596,501358,250.0,1,1,349,5752,5880,6,146,196,23,5880,4992,131,24592,24800,62,252432,248828,16,503556,500168,10000,0,8508,503556,500168,0,,True,14,336
block,40,rare-large,24,0,0,1807,10000,0,157,237,0,24576,32740,8164,,0,0,,4928,6032,5,155,194,23,6032,4016,67,20692,6244,0,25700,6244,0,25700,6244,192,9808,9180,10304,6244,15396,192,False,15,360
block,40,rare-large,24,0,0,1808,10000,0,602,682,0,24576,54952,30376,,0,0,,5672,6488,12,147,178,23,6488,4304,202,24580,26524,123,47912,28456,0,47912,28456,624,9376,7756,31092,28456,16820,624,False,9,216
block,40,rare-large,24,0,0,1809,10000,0,158,238,0,24576,32856,8280,,0,0,,6068,6200,4,157,210,23,6200,4988,86,20820,6360,0,25816,6360,0,25816,6360,196,9804,9624,10864,6360,14952,196,False,19,456
block,40,rare-large,96,0,0,1800,10000,0,5833,5913,0,98304,384188,285884,,0,0,,6324,6540,3,168,211,23,6540,4904,18,31776,31256,16,306144,283964,0,377148,283964,4762,5238,11996,290840,283964,86308,4762,False,15,360
block,40,rare-large,96,0,0,1801,10000,0,161,241,0,98304,106848,8544,,0,0,,6432,6572,5,160,213,23,6572,4980,82,32148,6624,0,99808,6624,0,99808,6624,151,9849,8000,9504,6624,90304,151,False,18,432
block,40,rare-large,96,0,0,1802,10000,0,159,239,0,98304,106920,8616,,0,0,,6084,6508,10,158,169,23,6508,4696,146,31248,6696,0,99880,6696,0,99880,6696,205,9795,11060,12636,6696,87244,205,False,10,240
block,40,rare-large,96,0,0,1803,10000,0,2409,2489,0,98304,214272,115968,,0,0,,5976,6624,13,163,178,23,6624,4472,136,30492,30900,24,207052,114048,0,207232,114048,2001,7999,12860,121788,114048,85444,2001,False,15,360
block,40,rare-large,96,0,0,1804,10000,0,847,927,0,98304,133944,35640,,0,0,,5664,6480,5,167,183,23,6480,4304,73,30564,33620,65,126904,33720,0,126904,33720,535,9465,3800,32400,33720,94504,535,False,10,240
block,40,rare-large,96,0,0,1805,10000,0,164,244,0,98304,106948,8644,,0,0,,6072,6596,7,163,191,23,6596,4596,76,30888,6724,0,99908,6724,0,99908,6724,173,9827,9136,10740,6724,89168,173,False,17,408
block,40,rare-large,96,0,0,1806,10000,0,167,247,0,98304,106628,8324,,0,0,,6036,6404,0,167,212,23,6404,4752,0,30432,6404,0,99588,6404,0,99588,6404,96,9904,4560,5844,6404,93744,96,False,14,336
block,40,rare-large,96,0,0,1807,10000,0,8284,8364,0,98244,493420,395176,,0,0,,5340,6632,8,154,196,23,6632,3828,117,30876,32512,39,306420,302424,26,486380,393256,6512,3488,11800,399936,393256,86444,6512,False,15,360
block,40,rare-large,96,0,0,1808,10000,0,822,902,0,98304,133964,35660,,0,0,,5808,6128,3,160,190,23,6128,4800,54,31080,33408,42,126924,33740,0,126924,33740,566,9434,6240,34860,33740,92064,566,False,9,216
block,40,rare-large,96,0,0,1809,10000,0,166,246,0,98304,106640,8336,,0,0,,6228,6412,3,166,211,23,6412,4936,23,30864,6416,0,99600,6416,0,99600,6416,117,9883,5928,7224,6416,92376,117,False,19,456
block,160,frequent-small,24,0,0,1800,10000,66,894,908,5444,6451,586466,574571,250.0,1,3,27,5446,4318,23,8,80,0,4318,6248,2242,27699,24471,70,288058,286055,57,579426,578095,10000,0,6451,579426,578095,0,,True,15,360
block,160,frequent-small,24,0,0,1801,10000,56,916,940,3620,7325,589672,578727,250.0,1,3,28,5444,4494,25,9,80,0,4494,6070,2448,28181,25893,69,291929,290842,67,582632,580427,10000,0,7325,582632,580427,0,,True,18,432
block,160,frequent-small,24,0,0,1802,10000,63,907,924,4956,6309,589711,578446,250.0,1,2,28,5395,3494,19,4,80,0,3494,7021,1620,27399,23066,72,290055,288457,58,582671,581482,10000,0,6309,582671,581482,0,,True,10,240
block,160,frequent-small,24,0,0,1803,10000,59,902,923,4339,6529,590472,579604,250.0,1,1,24,5418,4203,24,8,80,0,4203,6335,2198,28250,26783,83,292320,289760,54,583432,582023,10000,0,6529,583432,582023,0,,True,15,360
block,160,frequent-small,24,0,0,1804,10000,54,916,942,4099,7949,586580,574532,250.0,1,3,26,5339,3628,20,8,80,0,3628,6831,2003,27619,23881,72,287252,285010,45,579540,576711,10000,0,7949,579540,576711,0,,True,10,240
block,160,frequent-small,24,0,0,1805,10000,56,897,921,4579,7589,590090,577922,250.0,1,3,27,5649,5057,29,8,80,0,5057,5712,2809,28254,24265,66,291329,289487,61,583050,580581,10000,0,7589,583050,580581,0,,True,17,408
block,160,frequent-small,24,0,0,1806,10000,60,917,937,4714,6313,590079,579052,250.0,1,1,28,5450,4492,24,4,80,0,4492,6078,2353,27998,24863,71,291169,290257,66,583039,581846,10000,0,6313,583039,581846,0,,True,14,336
block,160,frequent-small,24,0,0,1807,10000,69,908,919,4669,5576,587084,576839,250.0,1,2,26,5384,4337,25,7,80,0,4337,6167,2281,27205,22437,66,288388,287223,63,580044,579588,10000,0,5576,580044,579588,0,,True,15,360
block,160,frequent-small,24,0,0,1808,10000,58,924,946,4741,7160,589350,577449,250.0,1,2,30,5373,4167,23,9,80,0,4167,6326,2350,27411,22848,70,290832,289065,52,582310,580270,10000,0,7160,582310,580270,0,,True,9,216
block,160,frequent-small,24,0,0,1809,10000,58,898,920,4660,6796,588886,577430,250.0,1,1,24,5459,4432,28,7,80,0,4432,6147,2255,27850,25098,76,290308,287847,53,581846,580170,10000,0,6796,581846,580170,0,,True,19,456
block,160,frequent-small,96,0,0,1800,10000,58,1037,1059,5267,7746,621208,608195,250.0,1,4,25,6133,4346,26,7,80,0,4346,6907,2345,30763,27997,86,307206,305352,68,614168,611542,10000,0,7746,614168,611542,0,,True,15,360
block,160,frequent-small,96,0,0,1801,10000,58,1071,1093,4289,7567,621047,609191,250.0,1,2,31,6102,4812,28,12,80,0,4812,6410,2625,30576,24229,64,307528,305089,65,614007,611560,10000,0,7567,614007,611560,0,,True,18,432
block,160,frequent-small,96,0,0,1802,10000,62,1014,1032,5122,7304,621350,608924,250.0,1,2,25,6220,3905,25,8,80,0,3905,7435,1902,31023,28036,83,307003,304968,64,614310,612126,10000,0,7304,614310,612126,0,,True,10,240
block,160,frequent-small,96,0,0,1803,10000,59,1025,1046,4533,6324,621838,610981,250.0,1,3,26,6110,4447,27,10,80,0,4447,6783,2323,30727,27486,72,308024,306758,69,614798,613594,10000,0,6324,614798,613594,0,,True,15,360
block,160,frequent-small,96,0,0,1804,10000,69,1080,1091,5369,6443,621257,609445,250.0,1,2,31,6097,3540,19,7,80,0,3540,7677,1943,30725,27084,77,307424,305835,68,614217,612894,10000,0,6443,614217,612894,0,,True,10,240
block,160,frequent-small,96,0,0,1805,10000,57,1039,1062,4580,6901,621842,610361,250.0,1,2,22,6174,5197,31,11,80,0,5197,6097,2804,30723,24104,64,307504,305785,59,614802,613021,10000,0,6901,614802,613021,0,,True,17,408
block,160,frequent-small,96,0,0,1806,10000,51,1089,1118,4014,7312,622200,610874,250.0,1,3,35,6174,5026,32,14,80,0,5026,6268,2682,30923,27017,73,307744,305482,59,615160,612968,10000,0,7312,615160,612968,0,,True,14,336
block,160,frequent-small,96,0,0,1807,10000,58,1065,1087,4266,6854,621186,610066,250.0,1,4,31,6071,4832,29,11,80,0,4832,6359,2721,30505,26894,78,307045,306546,74,614146,612412,10000,0,6854,614146,612412,0,,True,15,360
block,160,frequent-small,96,0,0,1808,10000,57,1057,1080,4348,6570,621366,610448,250.0,1,4,36,6106,4176,26,12,80,0,4176,7050,2310,30983,27705,88,307376,304251,71,614326,612876,10000,0,6570,614326,612876,0,,True,9,216
block,160,frequent-small,96,0,0,1809,10000,68,1085,1097,5089,6578,621583,609916,250.0,1,4,27,6138,4637,28,9,80,0,4637,6621,2430,30588,25421,74,306598,304791,59,614543,613085,10000,0,6578,614543,613085,0,,True,19,456
block,160,reference,24,0,0,1800,10000,46,916,950,3667,8264,563916,551985,250.0,1,3,24,5508,4348,24,8,80,0,4348,6280,2337,26732,22748,63,278204,275980,52,556876,553732,10000,0,8264,556876,553732,0,,True,15,360
block,160,reference,24,0,0,1801,10000,52,917,945,4001,7332,569300,557967,250.0,1,1,28,5684,3664,20,3,80,0,3664,7140,1799,26804,23508,68,278900,277380,53,562260,560048,10000,0,7332,562260,560048,0,,True,18,432
block,160,reference,24,0,0,1802,10000,51,909,938,3492,7300,569760,558968,250.0,1,3,32,5188,3528,23,7,80,0,3528,6780,1765,26428,23528,70,279632,278288,56,562720,560540,10000,0,7300,562720,560540,0,,True,10,240
block,160,reference,24,0,0,1803,10000,66,928,942,5305,6392,569000,557303,250.0,1,2,30,5488,3820,23,7,80,0,3820,6788,1925,25940,21168,59,278412,277080,65,561960,560688,10000,0,6392,561960,560688,0,,True,15,360
block,160,reference,24,0,0,1804,10000,58,918,940,4401,6740,567092,555951,250.0,1,3,28,5112,3420,19,4,80,0,3420,6812,1796,25804,21956,67,279148,277320,56,560052,558432,10000,0,6740,560052,558432,0,,True,10,240
block,160,reference,24,0,0,1805,10000,59,904,925,4043,6584,568380,557753,250.0,1,3,22,5224,4360,27,6,80,0,4360,5984,2238,25708,20284,53,277552,275176,56,561340,559876,10000,0,6584,561340,559876,0,,True,17,408
block,160,reference,24,0,0,1806,10000,59,893,914,4761,7036,566444,554647,250.0,1,1,28,5372,4268,25,8,80,0,4268,6224,2198,25868,20756,56,277840,276240,63,559404,557488,10000,0,7036,559404,557488,0,,True,14,336
block,160,reference,24,0,0,1807,10000,62,939,957,4782,5924,569212,558506,250.0,1,2,28,5180,4160,23,6,80,0,4160,6140,2201,27284,24836,76,280160,278812,59,562172,561368,10000,0,5924,562172,561368,0,,True,15,360
block,160,reference,24,0,0,1808,10000,53,911,938,4298,7212,568704,557194,250.0,1,2,27,5156,3352,18,6,80,0,3352,6924,1709,26596,24812,77,279100,276464,56,561664,559572,10000,0,7212,561664,559572,0,,True,9,216
block,160,reference,24,0,0,1809,10000,61,925,944,4223,6432,565856,555201,250.0,1,1,30,5388,4268,24,6,80,0,4268,6240,2060,26644,23500,67,278360,277396,61,558816,557504,10000,0,6432,558816,557504,0,,True,19,456
block,160,reference,96,0,0,1800,10000,61,1127,1146,4315,7808,618476,606353,250.0,1,2,30,6232,4272,25,8,80,0,4272,7080,2210,30672,27348,85,305240,303008,58,611436,608748,10000,0,7808,611436,608748,0,,True,15,360
block,160,reference,96,0,0,1801,10000,64,1111,1127,4094,6200,621284,610990,250.0,1,2,23,6516,4312,27,10,80,0,4312,7324,2234,31164,27952,85,307756,305724,55,614244,613164,10000,0,6200,614244,613164,0,,True,18,432
block,160,reference,96,0,0,1802,10000,59,1155,1176,4782,6444,623144,611918,250.0,1,2,29,6008,3988,26,8,80,0,3988,7140,2115,30708,23540,61,307028,305532,61,616104,614780,10000,0,6444,616104,614780,0,,True,10,240
block,160,reference,96,0,0,1803,10000,59,1179,1200,3948,7048,621380,610384,250.0,1,2,27,6260,3984,22,7,80,0,3984,7396,2069,31104,25936,83,307384,304752,65,614340,612412,10000,0,7048,614340,612412,0,,True,15,360
block,160,reference,96,0,0,1804,10000,62,1138,1156,5151,7164,619900,607585,250.0,1,1,30,5916,4332,25,11,80,0,4332,6704,2505,30784,26272,78,306696,305028,52,612860,610816,10000,0,7164,612860,610816,0,,True,10,240
block,160,reference,96,0,0,1805,10000,63,1165,1182,4728,7644,622900,610528,250.0,1,1,29,5820,4616,28,7,80,0,4616,6324,2443,30364,28636,88,307352,305576,68,615860,613336,10000,0,7644,615860,613336,0,,True,17,408
block,160,reference,96,0,0,1806,10000,59,1106,1127,4302,6560,623104,612242,250.0,1,1,30,6208,4720,30,15,80,0,4720,6608,2618,30624,24784,67,307860,306012,67,616064,614624,10000,0,6560,616064,614624,0,,True,14,336
block,160,reference,96,0,0,1807,10000,59,1151,1172,4811,7332,621084,608941,250.0,1,2,31,5912,5076,31,12,80,0,5076,5956,2878,30716,22940,51,307216,305828,60,614044,611832,10000,0,7332,614044,611832,0,,True,15,360
block,160,reference,96,0,0,1808,10000,61,1112,1131,5139,7764,621272,608369,250.0,1,2,27,5948,4280,25,12,80,0,4280,6788,2520,30932,28340,78,306712,305208,67,614232,611588,10000,0,7764,614232,611588,0,,True,9,216
block,160,reference,96,0,0,1809,10000,53,1080,1107,4639,8832,623076,609605,250.0,1,3,29,6212,4212,25,6,80,0,4212,7120,1989,30732,27908,85,306832,306244,72,616036,612324,10000,0,8832,616036,612324,0,,True,19,456
block,160,rare-large,24,0,0,1800,10000,56,890,914,4400,6996,504932,493536,250.0,1,2,32,5784,4564,27,10,80,0,4564,6340,2433,25132,21220,53,251080,248492,49,497892,496016,10000,0,6996,497892,496016,0,,True,15,360
block,160,rare-large,24,0,0,1801,10000,57,884,907,4085,7376,511576,500115,250.0,1,4,29,5580,3904,20,6,80,0,3904,6796,2051,24668,21136,60,252060,249388,48,504536,502280,10000,0,7376,504536,502280,0,,True,18,432
block,160,rare-large,24,0,0,1802,10000,45,902,937,3611,9092,507128,494425,250.0,1,2,25,5200,3600,20,5,80,0,3600,6720,1868,23692,19592,56,245748,242748,41,500088,496116,10000,0,9092,500088,496116,0,,True,10,240
block,160,rare-large,24,0,0,1803,10000,53,886,913,4329,7072,506280,494879,250.0,1,1,31,4872,3300,19,4,80,0,3300,6692,1604,22528,16496,42,247672,245576,52,499240,497288,10000,0,7072,499240,497288,0,,True,15,360
block,160,rare-large,24,0,0,1804,10000,61,920,939,4664,6368,506872,495840,250.0,1,2,27,4676,3728,24,10,80,0,3728,6068,2027,22352,15960,40,246844,245356,48,499832,498584,10000,0,6368,499832,498584,0,,True,10,240
block,160,rare-large,24,0,0,1805,10000,51,887,916,3859,6900,510316,499557,250.0,1,2,23,5228,4808,29,8,80,0,4808,5540,2789,22908,17488,43,250176,248692,62,503276,501496,10000,0,6900,503276,501496,0,,True,17,408
block,160,rare-large,24,0,0,1806,10000,47,910,943,3332,8084,505196,493780,250.0,1,3,32,5080,3124,19,4,80,0,3124,7076,1433,22824,18616,55,247668,244408,41,498156,495192,10000,0,8084,498156,495192,0,,True,14,336
block,160,rare-large,24,0,0,1807,10000,39,880,921,3166,7052,505528,495310,250.0,1,3,25,4732,4264,26,9,80,0,4264,5588,2128,23844,17768,42,249572,248244,46,498488,496556,10000,0,7052,498488,496556,0,,True,15,360
block,160,rare-large,24,0,0,1808,10000,58,886,908,4299,6900,505736,494537,250.0,1,3,23,5120,3372,20,7,80,0,3372,6868,1744,23972,20224,57,248036,246428,56,498696,496916,10000,0,6900,498696,496916,0,,True,9,216
block,160,rare-large,24,0,0,1809,10000,46,894,928,3418,6888,511796,501490,250.0,1,2,32,5312,3672,20,4,80,0,3672,6760,1747,23416,18624,50,250472,248680,58,504756,502988,10000,0,6888,504756,502988,0,,True,19,456
block,160,rare-large,96,0,0,1800,10000,80,1302,1302,7024,7228,617920,603668,250.0,1,2,33,6504,5016,29,14,80,0,5016,6608,2892,31740,27748,74,305860,303964,75,610880,608772,10000,0,7228,610880,608772,0,,True,15,360
block,160,rare-large,96,0,0,1801,10000,51,1319,1348,4202,7864,621492,609426,250.0,1,3,33,6540,4712,27,10,80,0,4712,6948,2663,32064,29788,105,308240,305432,51,614452,611708,10000,0,7864,614452,611708,0,,True,18,432
block,160,rare-large,96,0,0,1802,10000,63,1293,1310,4651,7496,621280,609133,250.0,1,1,38,6144,3752,24,9,80,0,3752,7512,1991,31404,27120,78,305568,301948,59,614240,611864,10000,0,7496,614240,611864,0,,True,10,240
block,160,rare-large,96,0,0,1803,10000,46,1315,1349,3402,8956,622152,609794,250.0,1,2,37,6000,3524,22,6,80,0,3524,7596,1702,31140,24888,64,308052,305604,73,615112,611276,10000,0,8956,615112,611276,0,,True,15,360
block,160,rare-large,96,0,0,1804,10000,78,1229,1231,6073,8528,616496,601895,250.0,1,1,32,5640,3636,22,7,80,0,3636,7124,1982,30204,24040,71,304560,301296,47,609456,606048,10000,0,8528,609456,606048,0,,True,10,240
block,160,rare-large,96,0,0,1805,10000,67,1273,1286,5549,9184,622996,608263,250.0,1,1,35,6048,5120,32,12,80,0,5120,6048,2955,30444,24344,66,308328,305960,58,615956,611892,10000,0,9184,615956,611892,0,,True,17,408
block,160,rare-large,96,0,0,1806,10000,58,1279,1301,4191,7512,620752,609049,250.0,1,1,31,6072,4452,30,11,80,0,4452,6740,2406,30240,21196,56,306264,304948,66,613712,611320,10000,0,7512,613712,611320,0,,True,14,336
block,160,rare-large,96,0,0,1807,10000,46,1245,1279,3306,10168,618376,604902,250.0,1,2,34,5412,4656,28,8,80,0,4656,5876,2463,30908,25284,75,306696,303836,56,611336,606288,10000,0,10168,611336,606288,0,,True,15,360
block,160,rare-large,96,0,0,1808,10000,61,1263,1282,4862,8156,618008,604990,250.0,1,2,36,6084,3764,21,9,80,0,3764,7440,2078,31356,25852,81,306072,303356,64,610968,607932,10000,0,8156,610968,607932,0,,True,9,216
block,160,rare-large,96,0,0,1809,10000,60,1308,1328,4563,7740,622512,610209,250.0,1,1,37,6240,4196,25,9,80,0,4196,7164,2145,30732,21304,50,305620,303180,55,615472,612852,10000,0,7740,615472,612852,0,,True,19,456
