seed,mutation_probability,tick,population,births,deaths,organism_energy,food_energy,supplied_energy,dissipated_energy,mean_genome,genome_variants,founder_lineages,max_generation,ever_genome_values,changed_births
1900,0,0,80,0,0,1920,5120,7040,0,250.0,1,80,0,1,0
1900,0,100,1,162,241,2,4824,13200,8374,250.0,1,1,5,1,0
1900,0,500,0,162,242,0,22156,30532,8376,,0,0,,1,0
1900,0,1000,0,162,242,0,24532,32908,8376,,0,0,,1,0
1900,0,5000,0,162,242,0,24576,32952,8376,,0,0,,1,0
1900,0,10000,0,162,242,0,24576,32952,8376,,0,0,,1,0
1900,100,0,80,0,0,1920,5120,7040,0,250.0,1,80,0,1,0
1900,100,100,2,155,233,16,5044,13216,8156,283.5,2,2,4,20,19
1900,100,500,0,155,235,0,22268,30440,8172,,0,0,,20,19
1900,100,1000,0,155,235,0,24548,32720,8172,,0,0,,20,19
1900,100,5000,0,155,235,0,24576,32748,8172,,0,0,,20,19
1900,100,10000,0,155,235,0,24576,32748,8172,,0,0,,20,19
1901,0,0,80,0,0,1920,5120,7040,0,250.0,1,80,0,1,0
1901,0,100,6,150,224,97,4540,12796,8159,250.0,1,5,4,1,0
1901,0,500,15,620,685,252,3816,34552,30484,250.0,1,1,22,1,0
1901,0,1000,41,1011,1050,857,8596,63316,53863,250.0,1,1,31,1,0
1901,0,5000,130,4875,4825,2259,4704,292068,285105,250.0,1,1,141,1,0
1901,0,10000,17,9392,9455,357,8404,575216,566455,250.0,1,1,240,1,0
1901,100,0,80,0,0,1920,5120,7040,0,250.0,1,80,0,1,0
1901,100,100,2,166,244,17,4652,12856,8187,250.0,1,2,3,13,13
1901,100,500,0,166,246,0,22344,30556,8212,,0,0,,13,13
1901,100,1000,0,166,246,0,24568,32780,8212,,0,0,,13,13
1901,100,5000,0,166,246,0,24576,32788,8212,,0,0,,13,13
1901,100,10000,0,166,246,0,24576,32788,8212,,0,0,,13,13
1902,0,0,80,0,0,1920,5120,7040,0,250.0,1,80,0,1,0
1902,0,100,2,162,240,39,4692,12936,8205,250.0,1,2,4,1,0
1902,0,500,21,637,696,273,3928,35232,31031,250.0,1,2,26,1,0
1902,0,1000,4,1102,1178,81,8004,62952,54867,250.0,1,1,32,1,0
1902,0,5000,69,4827,4838,1211,6380,292188,284597,250.0,1,1,139,1,0
1902,0,10000,76,9707,9711,1383,5936,576288,568969,250.0,1,1,262,1,0
1902,100,0,80,0,0,1920,5120,7040,0,250.0,1,80,0,1,0
1902,100,100,6,149,223,120,4812,12972,8040,256.5,3,5,6,16,17
1902,100,500,22,574,632,424,5828,36252,30000,330.1818181818182,7,2,22,53,56
1902,100,1000,66,1052,1066,1008,2332,65852,62512,495.90909090909093,17,2,36,81,91
1902,100,5000,54,3520,3546,1085,2004,310888,307799,985.6481481481482,8,1,94,230,310
1902,100,10000,73,6469,6476,1339,1392,617336,614605,985.6164383561644,9,1,151,266,492
1903,0,0,80,0,0,1920,5120,7040,0,250.0,1,80,0,1,0
1903,0,100,3,148,225,22,4660,12876,8194,250.0,1,2,3,1,0
1903,0,500,0,148,228,0,22132,30464,8332,,0,0,,1,0
1903,0,1000,0,148,228,0,24544,32876,8332,,0,0,,1,0
1903,0,5000,0,148,228,0,24576,32908,8332,,0,0,,1,0
1903,0,10000,0,148,228,0,24576,32908,8332,,0,0,,1,0
1903,100,0,80,0,0,1920,5120,7040,0,250.0,1,80,0,1,0
1903,100,100,1,157,236,21,4776,12900,8103,250.0,1,1,3,11,11
1903,100,500,0,157,237,0,22224,30388,8164,,0,0,,11,11
1903,100,1000,0,157,237,0,24560,32724,8164,,0,0,,11,11
1903,100,5000,0,157,237,0,24576,32740,8164,,0,0,,11,11
1903,100,10000,0,157,237,0,24576,32740,8164,,0,0,,11,11
1904,0,0,80,0,0,1920,5120,7040,0,250.0,1,80,0,1,0
1904,0,100,4,153,229,37,4708,12948,8203,250.0,1,3,6,1,0
1904,0,500,0,153,233,0,22152,30420,8268,,0,0,,1,0
1904,0,1000,0,153,233,0,24548,32816,8268,,0,0,,1,0
1904,0,5000,0,153,233,0,24576,32844,8268,,0,0,,1,0
1904,0,10000,0,153,233,0,24576,32844,8268,,0,0,,1,0
1904,100,0,80,0,0,1920,5120,7040,0,250.0,1,80,0,1,0
1904,100,100,2,157,235,20,4980,13000,8000,250.0,1,2,2,15,15
1904,100,500,0,157,237,0,22140,30164,8024,,0,0,,15,15
1904,100,1000,0,157,237,0,24540,32564,8024,,0,0,,15,15
1904,100,5000,0,157,237,0,24576,32600,8024,,0,0,,15,15
1904,100,10000,0,157,237,0,24576,32600,8024,,0,0,,15,15
1905,0,0,80,0,0,1920,5120,7040,0,250.0,1,80,0,1,0
1905,0,100,4,158,234,32,4772,13100,8296,250.0,1,4,5,1,0
1905,0,500,0,158,238,0,22396,30736,8340,,0,0,,1,0
1905,0,1000,0,158,238,0,24560,32900,8340,,0,0,,1,0
1905,0,5000,0,158,238,0,24576,32916,8340,,0,0,,1,0
1905,0,10000,0,158,238,0,24576,32916,8340,,0,0,,1,0
1905,100,0,80,0,0,1920,5120,7040,0,250.0,1,80,0,1,0
1905,100,100,2,156,234,26,4724,12908,8158,250.0,1,2,4,13,12
1905,100,500,0,156,236,0,22468,30668,8200,,0,0,,13,12
1905,100,1000,0,156,236,0,24568,32768,8200,,0,0,,13,12
1905,100,5000,0,156,236,0,24576,32776,8200,,0,0,,13,12
1905,100,10000,0,156,236,0,24576,32776,8200,,0,0,,13,12
1906,0,0,80,0,0,1920,5120,7040,0,250.0,1,80,0,1,0
1906,0,100,5,151,226,68,4928,13032,8036,250.0,1,3,6,1,0
1906,0,500,0,151,231,0,22400,30540,8140,,0,0,,1,0
1906,0,1000,0,151,231,0,24556,32696,8140,,0,0,,1,0
1906,0,5000,0,151,231,0,24576,32716,8140,,0,0,,1,0
1906,0,10000,0,151,231,0,24576,32716,8140,,0,0,,1,0
1906,100,0,80,0,0,1920,5120,7040,0,250.0,1,80,0,1,0
1906,100,100,6,149,223,94,4628,13128,8406,281.0,5,4,6,21,20
1906,100,500,59,516,537,1033,6080,37108,29995,361.1694915254237,8,2,25,52,57
1906,100,1000,57,977,1000,942,4696,67316,61678,389.2280701754386,13,2,36,83,99
1906,100,5000,56,3588,3612,963,1760,312388,309665,991.1428571428571,6,1,95,249,332
1906,100,10000,54,6526,6552,994,1768,618800,616038,1000.0,1,1,148,299,547
1907,0,0,80,0,0,1920,5120,7040,0,250.0,1,80,0,1,0
1907,0,100,3,166,243,21,4588,12712,8103,250.0,1,3,5,1,0
1907,0,500,0,166,246,0,22256,30416,8160,,0,0,,1,0
1907,0,1000,0,166,246,0,24548,32708,8160,,0,0,,1,0
1907,0,5000,0,166,246,0,24576,32736,8160,,0,0,,1,0
1907,0,10000,0,166,246,0,24576,32736,8160,,0,0,,1,0
1907,100,0,80,0,0,1920,5120,7040,0,250.0,1,80,0,1,0
1907,100,100,10,156,226,87,4248,12736,8401,279.4,5,5,8,16,16
1907,100,500,0,159,239,0,21912,30924,9012,,0,0,,16,16
1907,100,1000,0,159,239,0,24552,33564,9012,,0,0,,16,16
1907,100,5000,0,159,239,0,24576,33588,9012,,0,0,,16,16
1907,100,10000,0,159,239,0,24576,33588,9012,,0,0,,16,16
1908,0,0,80,0,0,1920,5120,7040,0,250.0,1,80,0,1,0
1908,0,100,8,147,219,87,4832,13076,8157,250.0,1,6,5,1,0
1908,0,500,0,148,228,0,22212,30612,8400,,0,0,,1,0
1908,0,1000,0,148,228,0,24576,32976,8400,,0,0,,1,0
1908,0,5000,0,148,228,0,24576,32976,8400,,0,0,,1,0
1908,0,10000,0,148,228,0,24576,32976,8400,,0,0,,1,0
1908,100,0,80,0,0,1920,5120,7040,0,250.0,1,80,0,1,0
1908,100,100,7,150,223,71,4632,13024,8321,277.2857142857143,3,5,8,14,13
1908,100,500,11,565,634,244,5560,35364,29560,317.45454545454544,4,2,21,57,58
1908,100,1000,63,1092,1109,1116,3732,65940,61092,441.95238095238096,11,1,31,88,98
1908,100,5000,47,3642,3675,919,2144,311116,308053,983.1702127659574,7,1,90,260,347
1908,100,10000,70,6563,6573,1287,1496,617084,614301,987.2142857142857,8,1,154,314,531
1909,0,0,80,0,0,1920,5120,7040,0,250.0,1,80,0,1,0
1909,0,100,5,156,231,61,4496,12808,8251,250.0,1,2,10,1,0
1909,0,500,0,156,236,0,22052,30456,8404,,0,0,,1,0
1909,0,1000,0,156,236,0,24524,32928,8404,,0,0,,1,0
1909,0,5000,0,156,236,0,24576,32980,8404,,0,0,,1,0
1909,0,10000,0,156,236,0,24576,32980,8404,,0,0,,1,0
1909,100,0,80,0,0,1920,5120,7040,0,250.0,1,80,0,1,0
1909,100,100,15,147,212,203,4272,12976,8501,269.0,7,7,8,19,20
1909,100,500,29,483,534,667,5728,36128,29733,389.0344827586207,5,1,22,51,57
1909,100,1000,54,938,964,1038,2992,66384,62354,582.5555555555555,13,1,39,89,104
1909,100,5000,56,3432,3456,988,1876,310476,307612,983.4642857142857,9,1,93,246,310
1909,100,10000,62,6318,6336,1258,1756,617748,614734,995.3870967741935,7,1,146,305,528
1910,0,0,80,0,0,1920,5120,7040,0,250.0,1,80,0,1,0
1910,0,100,4,152,228,39,4776,13016,8201,250.0,1,4,1,1,0
1910,0,500,4,565,641,93,7484,35944,28367,250.0,1,1,14,1,0
1910,0,1000,18,1070,1132,351,8644,62624,53629,250.0,1,1,35,1,0
1910,0,5000,67,4801,4814,1218,7112,292464,284134,250.0,1,1,176,1,0
1910,0,10000,31,9443,9492,521,8044,580256,571691,250.0,1,1,276,1,0
1910,100,0,80,0,0,1920,5120,7040,0,250.0,1,80,0,1,0
1910,100,100,3,155,232,54,4692,12880,8134,250.0,1,3,6,17,16
1910,100,500,18,641,703,217,3288,34628,31123,296.72222222222223,8,1,28,58,63
1910,100,1000,0,642,722,0,23252,54820,31568,,0,0,,59,64
1910,100,5000,0,642,722,0,24576,56144,31568,,0,0,,59,64
1910,100,10000,0,642,722,0,24576,56144,31568,,0,0,,59,64
1911,0,0,80,0,0,1920,5120,7040,0,250.0,1,80,0,1,0
1911,0,100,6,154,228,131,4864,13100,8105,250.0,1,3,4,1,0
1911,0,500,21,522,581,388,6972,36560,29200,250.0,1,3,23,1,0
1911,0,1000,31,955,1004,620,10156,64712,53936,250.0,1,1,30,1,0
1911,0,5000,68,4814,4826,1368,9228,294856,284260,250.0,1,1,136,1,0
1911,0,10000,71,9452,9461,1331,8056,581224,571837,250.0,1,1,260,1,0
1911,100,0,80,0,0,1920,5120,7040,0,250.0,1,80,0,1,0
1911,100,100,2,160,238,13,4960,13172,8199,248.0,2,2,4,15,15
1911,100,500,0,160,240,0,22580,30856,8276,,0,0,,15,15
1911,100,1000,0,160,240,0,24548,32824,8276,,0,0,,15,15
1911,100,5000,0,160,240,0,24576,32852,8276,,0,0,,15,15
1911,100,10000,0,160,240,0,24576,32852,8276,,0,0,,15,15
1912,0,0,80,0,0,1920,5120,7040,0,250.0,1,80,0,1,0
1912,0,100,1,152,231,18,4744,13096,8334,250.0,1,1,2,1,0
1912,0,500,0,152,232,0,22392,30756,8364,,0,0,,1,0
1912,0,1000,0,152,232,0,24560,32924,8364,,0,0,,1,0
1912,0,5000,0,152,232,0,24576,32940,8364,,0,0,,1,0
1912,0,10000,0,152,232,0,24576,32940,8364,,0,0,,1,0
1912,100,0,80,0,0,1920,5120,7040,0,250.0,1,80,0,1,0
1912,100,100,2,151,229,23,4716,13036,8297,270.5,2,2,2,11,11
1912,100,500,0,151,231,0,22396,30764,8368,,0,0,,11,11
1912,100,1000,0,151,231,0,24548,32916,8368,,0,0,,11,11
1912,100,5000,0,151,231,0,24576,32944,8368,,0,0,,11,11
1912,100,10000,0,151,231,0,24576,32944,8368,,0,0,,11,11
1913,0,0,80,0,0,1920,5120,7040,0,250.0,1,80,0,1,0
1913,0,100,3,161,238,32,4704,13188,8452,250.0,1,2,7,1,0
1913,0,500,15,638,703,223,3756,34700,30721,250.0,1,1,19,1,0
1913,0,1000,10,1086,1156,228,9200,63608,54180,250.0,1,1,30,1,0
1913,0,5000,63,5032,5049,1215,9220,292128,281693,250.0,1,1,134,1,0
1913,0,10000,72,9685,9693,1208,5448,579532,572876,250.0,1,1,262,1,0
1913,100,0,80,0,0,1920,5120,7040,0,250.0,1,80,0,1,0
1913,100,100,8,147,219,116,4764,13200,8320,263.0,2,4,9,11,10
1913,100,500,16,551,615,269,5644,35592,29679,306.125,6,1,18,58,62
1913,100,1000,45,1084,1119,819,3532,66200,61849,511.44444444444446,10,1,36,103,112
1913,100,5000,63,3646,3663,1282,1508,312412,309622,995.4603174603175,5,1,110,252,322
1913,100,10000,58,6531,6553,1101,1752,618868,616015,942.4655172413793,13,1,169,304,567
1914,0,0,80,0,0,1920,5120,7040,0,250.0,1,80,0,1,0
1914,0,100,7,160,233,101,4524,12828,8203,250.0,1,5,7,1,0
1914,0,500,19,561,622,298,5068,35452,30086,250.0,1,1,21,1,0
1914,0,1000,59,959,980,1205,9224,63932,53503,250.0,1,1,33,1,0
1914,0,5000,127,4746,4699,2248,6524,294264,285492,250.0,1,1,141,1,0
1914,0,10000,80,9460,9460,1704,8044,582756,573008,250.0,1,1,258,1,0
1914,100,0,80,0,0,1920,5120,7040,0,250.0,1,80,0,1,0
1914,100,100,3,148,225,53,4528,12896,8315,250.0,1,2,8,14,13
1914,100,500,18,568,630,300,5248,35796,30248,254.33333333333334,7,1,34,61,65
1914,100,1000,154,1094,1020,2621,4080,64668,57967,418.3051948051948,24,1,43,112,130
1914,100,5000,52,3900,3928,914,2208,310088,306966,921.9230769230769,12,1,91,314,390
1914,100,10000,65,6867,6882,1212,2332,616644,613100,978.2923076923076,10,1,146,399,639
1915,0,0,80,0,0,1920,5120,7040,0,250.0,1,80,0,1,0
1915,0,100,7,156,229,71,4640,13116,8405,250.0,1,4,8,1,0
1915,0,500,18,586,648,327,5264,35184,29593,250.0,1,1,19,1,0
1915,0,1000,42,1005,1043,816,8944,63552,53792,250.0,1,1,30,1,0
1915,0,5000,64,4897,4913,1198,5580,290980,284202,250.0,1,1,142,1,0
1915,0,10000,46,9505,9539,868,6868,576984,569248,250.0,1,1,275,1,0
1915,100,0,80,0,0,1920,5120,7040,0,250.0,1,80,0,1,0
1915,100,100,11,149,218,108,4544,13152,8500,268.0,3,6,8,10,9
1915,100,500,10,611,681,233,5496,35572,29843,520.1,5,1,26,63,65
1915,100,1000,54,1046,1072,1040,3640,65288,60608,611.3703703703703,10,1,32,95,107
1915,100,5000,58,3677,3699,1115,1740,310320,307465,958.6551724137931,9,1,104,279,361
1915,100,10000,52,6601,6629,933,1696,616880,614251,987.5961538461538,7,1,147,343,571
1916,0,0,80,0,0,1920,5120,7040,0,250.0,1,80,0,1,0
1916,0,100,3,151,228,54,4624,12892,8214,250.0,1,1,4,1,0
1916,0,500,41,587,626,744,4752,34860,29364,250.0,1,1,24,1,0
1916,0,1000,32,1011,1059,462,6956,63904,56486,250.0,1,1,30,1,0
1916,0,5000,36,4688,4732,623,6696,294248,286929,250.0,1,1,134,1,0
1916,0,10000,30,9109,9159,628,11428,583528,571472,250.0,1,1,263,1,0
1916,100,0,80,0,0,1920,5120,7040,0,250.0,1,80,0,1,0
1916,100,100,4,161,237,65,4500,12848,8283,256.75,2,4,9,13,12
1916,100,500,0,161,241,0,22280,30680,8400,,0,0,,13,12
1916,100,1000,0,161,241,0,24540,32940,8400,,0,0,,13,12
1916,100,5000,0,161,241,0,24576,32976,8400,,0,0,,13,12
1916,100,10000,0,161,241,0,24576,32976,8400,,0,0,,13,12
1917,0,0,80,0,0,1920,5120,7040,0,250.0,1,80,0,1,0
1917,0,100,0,158,238,0,5156,13344,8188,,0,0,,1,0
1917,0,500,0,158,238,0,22348,30536,8188,,0,0,,1,0
1917,0,1000,0,158,238,0,24564,32752,8188,,0,0,,1,0
1917,0,5000,0,158,238,0,24576,32764,8188,,0,0,,1,0
1917,0,10000,0,158,238,0,24576,32764,8188,,0,0,,1,0
1917,100,0,80,0,0,1920,5120,7040,0,250.0,1,80,0,1,0
1917,100,100,3,152,229,52,4920,13368,8396,222.66666666666666,2,2,3,11,11
1917,100,500,5,589,664,98,5616,35804,30090,259.8,5,1,20,45,52
1917,100,1000,21,1046,1105,423,9180,63588,53985,280.42857142857144,4,1,30,83,99
1917,100,5000,72,3965,3973,1390,1580,308240,305270,979.2222222222222,8,1,103,281,384
1917,100,10000,62,6872,6890,1067,1360,613848,611421,994.9193548387096,7,1,161,339,581
1918,0,0,80,0,0,1920,5120,7040,0,250.0,1,80,0,1,0
1918,0,100,3,147,224,58,4772,13056,8226,250.0,1,2,2,1,0
1918,0,500,0,147,227,0,22360,30712,8352,,0,0,,1,0
1918,0,1000,0,147,227,0,24564,32916,8352,,0,0,,1,0
1918,0,5000,0,147,227,0,24576,32928,8352,,0,0,,1,0
1918,0,10000,0,147,227,0,24576,32928,8352,,0,0,,1,0
1918,100,0,80,0,0,1920,5120,7040,0,250.0,1,80,0,1,0
1918,100,100,3,158,235,22,4720,12876,8134,288.6666666666667,2,2,5,27,26
1918,100,500,24,552,608,532,7208,36584,28844,361.5833333333333,6,1,20,60,65
1918,100,1000,44,1069,1105,816,3812,66456,61828,439.54545454545456,11,1,34,94,112
1918,100,5000,51,3622,3651,906,1996,310768,307866,977.7843137254902,7,1,86,250,347
1918,100,10000,56,6510,6534,1001,1868,618700,615831,962.0714285714286,11,1,157,293,516
1919,0,0,80,0,0,1920,5120,7040,0,250.0,1,80,0,1,0
1919,0,100,4,158,234,47,4820,13128,8261,250.0,1,4,6,1,0
1919,0,500,0,158,238,0,22456,30860,8404,,0,0,,1,0
1919,0,1000,0,158,238,0,24564,32968,8404,,0,0,,1,0
1919,0,5000,0,158,238,0,24576,32980,8404,,0,0,,1,0
1919,0,10000,0,158,238,0,24576,32980,8404,,0,0,,1,0
1919,100,0,80,0,0,1920,5120,7040,0,250.0,1,80,0,1,0
1919,100,100,8,151,223,91,4832,13116,8193,241.625,2,6,6,19,20
1919,100,500,18,586,648,365,5000,35688,30323,275.0,7,3,23,58,65
1919,100,1000,118,1048,1010,2253,5172,64440,57015,393.3474576271187,18,2,37,94,106
1919,100,5000,64,3777,3793,1277,1772,308020,304971,949.328125,9,1,99,305,372
1919,100,10000,59,6690,6711,1046,1780,614864,612038,993.9830508474577,5,1,163,375,585
