genome,expected_change_per_birth,expected_change_exact,probability_of_actual_change
0,2.512437810945274,505/201,0.04975124378109453
1,2.462686567164179,165/67,0.09950248756218906
2,2.4134328358208954,1617/670,0.09950248756218906
3,2.364676616915423,4753/2010,0.09950248756218906
4,2.316417910447761,776/335,0.09950248756218906
5,2.2686567164179103,152/67,0.09950248756218906
6,2.2213930348258706,893/402,0.09950248756218906
7,2.174626865671642,1457/670,0.09950248756218906
8,2.1283582089552238,713/335,0.09950248756218906
9,2.0825870646766167,2093/1005,0.09950248756218906
10,2.037313432835821,273/134,0.09950248756218906
11,1.992537313432836,267/134,0.09950248756218906
12,1.9482587064676617,1958/1005,0.09950248756218906
13,1.9044776119402984,638/335,0.09950248756218906
14,1.8611940298507463,1247/670,0.09950248756218906
15,1.818407960199005,731/402,0.09950248756218906
16,1.7761194029850746,119/67,0.09950248756218906
17,1.7343283582089553,581/335,0.09950248756218906
18,1.6930348258706467,3403/2010,0.09950248756218906
19,1.6522388059701492,1107/670,0.09950248756218906
20,1.6119402985074627,108/67,0.09950248756218906
21,1.572139303482587,316/201,0.09950248756218906
22,1.5328358208955224,1027/670,0.09950248756218906
23,1.4940298507462686,1001/670,0.09950248756218906
24,1.4557213930348258,1463/1005,0.09950248756218906
25,1.4179104477611941,95/67,0.09950248756218906
26,1.3805970149253732,185/134,0.09950248756218906
27,1.3437810945273632,2701/2010,0.09950248756218906
28,1.3074626865671641,438/335,0.09950248756218906
29,1.2716417910447761,426/335,0.09950248756218906
30,1.236318407960199,497/402,0.09950248756218906
31,1.2014925373134329,161/134,0.09950248756218906
32,1.1671641791044776,391/335,0.09950248756218906
33,1.1333333333333333,17/15,0.09950248756218906
34,1.1,11/10,0.09950248756218906
35,1.0671641791044777,143/134,0.09950248756218906
36,1.0348258706467661,208/201,0.09950248756218906
37,1.0029850746268656,336/335,0.09950248756218906
38,0.9716417910447761,651/670,0.09950248756218906
39,0.9407960199004975,1891/2010,0.09950248756218906
40,0.9104477611940298,61/67,0.09950248756218906
41,0.8805970149253731,59/67,0.09950248756218906
42,0.8512437810945274,1711/2010,0.09950248756218906
43,0.8223880597014925,551/670,0.09950248756218906
44,0.7940298507462686,266/335,0.09950248756218906
45,0.7661691542288557,154/201,0.09950248756218906
46,0.7388059701492538,99/134,0.09950248756218906
47,0.7119402985074627,477/670,0.09950248756218906
48,0.6855721393034826,689/1005,0.09950248756218906
49,0.6597014925373135,221/335,0.09950248756218906
50,0.6343283582089553,85/134,0.09950248756218906
51,0.6094527363184079,245/402,0.09950248756218906
52,0.5850746268656717,196/335,0.09950248756218906
53,0.5611940298507463,188/335,0.09950248756218906
54,0.5378109452736318,1081/2010,0.09950248756218906
55,0.5149253731343284,69/134,0.09950248756218906
56,0.4925373134328358,33/67,0.09950248756218906
57,0.47064676616915424,473/1005,0.09950248756218906
58,0.44925373134328356,301/670,0.09950248756218906
59,0.42835820895522386,287/670,0.09950248756218906
60,0.4079601990049751,82/201,0.09950248756218906
61,0.3880597014925373,26/67,0.09950248756218906
62,0.3686567164179104,247/670,0.09950248756218906
63,0.3497512437810945,703/2010,0.09950248756218906
64,0.33134328358208953,111/335,0.09950248756218906
65,0.31343283582089554,21/67,0.09950248756218906
66,0.2960199004975124,119/402,0.09950248756218906
67,0.2791044776119403,187/670,0.09950248756218906
68,0.2626865671641791,88/335,0.09950248756218906
69,0.24676616915422886,248/1005,0.09950248756218906
70,0.23134328358208955,31/134,0.09950248756218906
71,0.21641791044776118,29/134,0.09950248756218906
72,0.2019900497512438,203/1005,0.09950248756218906
73,0.1880597014925373,63/335,0.09950248756218906
74,0.1746268656716418,117/670,0.09950248756218906
75,0.16169154228855723,65/402,0.09950248756218906
76,0.14925373134328357,10/67,0.09950248756218906
77,0.1373134328358209,46/335,0.09950248756218906
78,0.12587064676616916,253/2010,0.09950248756218906
79,0.11492537313432835,77/670,0.09950248756218906
80,0.1044776119402985,7/67,0.09950248756218906
81,0.0945273631840796,19/201,0.09950248756218906
82,0.08507462686567165,57/670,0.09950248756218906
83,0.07611940298507462,51/670,0.09950248756218906
84,0.06766169154228856,68/1005,0.09950248756218906
85,0.05970149253731343,4/67,0.09950248756218906
86,0.05223880597014925,7/134,0.09950248756218906
87,0.04527363184079602,91/2010,0.09950248756218906
88,0.03880597014925373,13/335,0.09950248756218906
89,0.03283582089552239,11/335,0.09950248756218906
90,0.02736318407960199,11/402,0.09950248756218906
91,0.022388059701492536,3/134,0.09950248756218906
92,0.01791044776119403,6/335,0.09950248756218906
93,0.013930348258706468,14/1005,0.09950248756218906
94,0.010447761194029851,7/670,0.09950248756218906
95,0.007462686567164179,1/134,0.09950248756218906
96,0.004975124378109453,1/201,0.09950248756218906
97,0.0029850746268656717,1/335,0.09950248756218906
98,0.0014925373134328358,1/670,0.09950248756218906
99,0.0004975124378109452,1/2010,0.09950248756218906
100,0.0,0,0.09950248756218906
101,0.0,0,0.09950248756218906
102,0.0,0,0.09950248756218906
103,0.0,0,0.09950248756218906
104,0.0,0,0.09950248756218906
105,0.0,0,0.09950248756218906
106,0.0,0,0.09950248756218906
107,0.0,0,0.09950248756218906
108,0.0,0,0.09950248756218906
109,0.0,0,0.09950248756218906
110,0.0,0,0.09950248756218906
111,0.0,0,0.09950248756218906
112,0.0,0,0.09950248756218906
113,0.0,0,0.09950248756218906
114,0.0,0,0.09950248756218906
115,0.0,0,0.09950248756218906
116,0.0,0,0.09950248756218906
117,0.0,0,0.09950248756218906
118,0.0,0,0.09950248756218906
119,0.0,0,0.09950248756218906
120,0.0,0,0.09950248756218906
121,0.0,0,0.09950248756218906
122,0.0,0,0.09950248756218906
123,0.0,0,0.09950248756218906
124,0.0,0,0.09950248756218906
125,0.0,0,0.09950248756218906
126,0.0,0,0.09950248756218906
127,0.0,0,0.09950248756218906
128,0.0,0,0.09950248756218906
129,0.0,0,0.09950248756218906
130,0.0,0,0.09950248756218906
131,0.0,0,0.09950248756218906
132,0.0,0,0.09950248756218906
133,0.0,0,0.09950248756218906
134,0.0,0,0.09950248756218906
135,0.0,0,0.09950248756218906
136,0.0,0,0.09950248756218906
137,0.0,0,0.09950248756218906
138,0.0,0,0.09950248756218906
139,0.0,0,0.09950248756218906
140,0.0,0,0.09950248756218906
141,0.0,0,0.09950248756218906
142,0.0,0,0.09950248756218906
143,0.0,0,0.09950248756218906
144,0.0,0,0.09950248756218906
145,0.0,0,0.09950248756218906
146,0.0,0,0.09950248756218906
147,0.0,0,0.09950248756218906
148,0.0,0,0.09950248756218906
149,0.0,0,0.09950248756218906
150,0.0,0,0.09950248756218906
151,0.0,0,0.09950248756218906
152,0.0,0,0.09950248756218906
153,0.0,0,0.09950248756218906
154,0.0,0,0.09950248756218906
155,0.0,0,0.09950248756218906
156,0.0,0,0.09950248756218906
157,0.0,0,0.09950248756218906
158,0.0,0,0.09950248756218906
159,0.0,0,0.09950248756218906
160,0.0,0,0.09950248756218906
161,0.0,0,0.09950248756218906
162,0.0,0,0.09950248756218906
163,0.0,0,0.09950248756218906
164,0.0,0,0.09950248756218906
165,0.0,0,0.09950248756218906
166,0.0,0,0.09950248756218906
167,0.0,0,0.09950248756218906
168,0.0,0,0.09950248756218906
169,0.0,0,0.09950248756218906
170,0.0,0,0.09950248756218906
171,0.0,0,0.09950248756218906
172,0.0,0,0.09950248756218906
173,0.0,0,0.09950248756218906
174,0.0,0,0.09950248756218906
175,0.0,0,0.09950248756218906
176,0.0,0,0.09950248756218906
177,0.0,0,0.09950248756218906
178,0.0,0,0.09950248756218906
179,0.0,0,0.09950248756218906
180,0.0,0,0.09950248756218906
181,0.0,0,0.09950248756218906
182,0.0,0,0.09950248756218906
183,0.0,0,0.09950248756218906
184,0.0,0,0.09950248756218906
185,0.0,0,0.09950248756218906
186,0.0,0,0.09950248756218906
187,0.0,0,0.09950248756218906
188,0.0,0,0.09950248756218906
189,0.0,0,0.09950248756218906
190,0.0,0,0.09950248756218906
191,0.0,0,0.09950248756218906
192,0.0,0,0.09950248756218906
193,0.0,0,0.09950248756218906
194,0.0,0,0.09950248756218906
195,0.0,0,0.09950248756218906
196,0.0,0,0.09950248756218906
197,0.0,0,0.09950248756218906
198,0.0,0,0.09950248756218906
199,0.0,0,0.09950248756218906
200,0.0,0,0.09950248756218906
201,0.0,0,0.09950248756218906
202,0.0,0,0.09950248756218906
203,0.0,0,0.09950248756218906
204,0.0,0,0.09950248756218906
205,0.0,0,0.09950248756218906
206,0.0,0,0.09950248756218906
207,0.0,0,0.09950248756218906
208,0.0,0,0.09950248756218906
209,0.0,0,0.09950248756218906
210,0.0,0,0.09950248756218906
211,0.0,0,0.09950248756218906
212,0.0,0,0.09950248756218906
213,0.0,0,0.09950248756218906
214,0.0,0,0.09950248756218906
215,0.0,0,0.09950248756218906
216,0.0,0,0.09950248756218906
217,0.0,0,0.09950248756218906
218,0.0,0,0.09950248756218906
219,0.0,0,0.09950248756218906
220,0.0,0,0.09950248756218906
221,0.0,0,0.09950248756218906
222,0.0,0,0.09950248756218906
223,0.0,0,0.09950248756218906
224,0.0,0,0.09950248756218906
225,0.0,0,0.09950248756218906
226,0.0,0,0.09950248756218906
227,0.0,0,0.09950248756218906
228,0.0,0,0.09950248756218906
229,0.0,0,0.09950248756218906
230,0.0,0,0.09950248756218906
231,0.0,0,0.09950248756218906
232,0.0,0,0.09950248756218906
233,0.0,0,0.09950248756218906
234,0.0,0,0.09950248756218906
235,0.0,0,0.09950248756218906
236,0.0,0,0.09950248756218906
237,0.0,0,0.09950248756218906
238,0.0,0,0.09950248756218906
239,0.0,0,0.09950248756218906
240,0.0,0,0.09950248756218906
241,0.0,0,0.09950248756218906
242,0.0,0,0.09950248756218906
243,0.0,0,0.09950248756218906
244,0.0,0,0.09950248756218906
245,0.0,0,0.09950248756218906
246,0.0,0,0.09950248756218906
247,0.0,0,0.09950248756218906
248,0.0,0,0.09950248756218906
249,0.0,0,0.09950248756218906
250,0.0,0,0.09950248756218906
251,0.0,0,0.09950248756218906
252,0.0,0,0.09950248756218906
253,0.0,0,0.09950248756218906
254,0.0,0,0.09950248756218906
255,0.0,0,0.09950248756218906
256,0.0,0,0.09950248756218906
257,0.0,0,0.09950248756218906
258,0.0,0,0.09950248756218906
259,0.0,0,0.09950248756218906
260,0.0,0,0.09950248756218906
261,0.0,0,0.09950248756218906
262,0.0,0,0.09950248756218906
263,0.0,0,0.09950248756218906
264,0.0,0,0.09950248756218906
265,0.0,0,0.09950248756218906
266,0.0,0,0.09950248756218906
267,0.0,0,0.09950248756218906
268,0.0,0,0.09950248756218906
269,0.0,0,0.09950248756218906
270,0.0,0,0.09950248756218906
271,0.0,0,0.09950248756218906
272,0.0,0,0.09950248756218906
273,0.0,0,0.09950248756218906
274,0.0,0,0.09950248756218906
275,0.0,0,0.09950248756218906
276,0.0,0,0.09950248756218906
277,0.0,0,0.09950248756218906
278,0.0,0,0.09950248756218906
279,0.0,0,0.09950248756218906
280,0.0,0,0.09950248756218906
281,0.0,0,0.09950248756218906
282,0.0,0,0.09950248756218906
283,0.0,0,0.09950248756218906
284,0.0,0,0.09950248756218906
285,0.0,0,0.09950248756218906
286,0.0,0,0.09950248756218906
287,0.0,0,0.09950248756218906
288,0.0,0,0.09950248756218906
289,0.0,0,0.09950248756218906
290,0.0,0,0.09950248756218906
291,0.0,0,0.09950248756218906
292,0.0,0,0.09950248756218906
293,0.0,0,0.09950248756218906
294,0.0,0,0.09950248756218906
295,0.0,0,0.09950248756218906
296,0.0,0,0.09950248756218906
297,0.0,0,0.09950248756218906
298,0.0,0,0.09950248756218906
299,0.0,0,0.09950248756218906
300,0.0,0,0.09950248756218906
301,0.0,0,0.09950248756218906
302,0.0,0,0.09950248756218906
303,0.0,0,0.09950248756218906
304,0.0,0,0.09950248756218906
305,0.0,0,0.09950248756218906
306,0.0,0,0.09950248756218906
307,0.0,0,0.09950248756218906
308,0.0,0,0.09950248756218906
309,0.0,0,0.09950248756218906
310,0.0,0,0.09950248756218906
311,0.0,0,0.09950248756218906
312,0.0,0,0.09950248756218906
313,0.0,0,0.09950248756218906
314,0.0,0,0.09950248756218906
315,0.0,0,0.09950248756218906
316,0.0,0,0.09950248756218906
317,0.0,0,0.09950248756218906
318,0.0,0,0.09950248756218906
319,0.0,0,0.09950248756218906
320,0.0,0,0.09950248756218906
321,0.0,0,0.09950248756218906
322,0.0,0,0.09950248756218906
323,0.0,0,0.09950248756218906
324,0.0,0,0.09950248756218906
325,0.0,0,0.09950248756218906
326,0.0,0,0.09950248756218906
327,0.0,0,0.09950248756218906
328,0.0,0,0.09950248756218906
329,0.0,0,0.09950248756218906
330,0.0,0,0.09950248756218906
331,0.0,0,0.09950248756218906
332,0.0,0,0.09950248756218906
333,0.0,0,0.09950248756218906
334,0.0,0,0.09950248756218906
335,0.0,0,0.09950248756218906
336,0.0,0,0.09950248756218906
337,0.0,0,0.09950248756218906
338,0.0,0,0.09950248756218906
339,0.0,0,0.09950248756218906
340,0.0,0,0.09950248756218906
341,0.0,0,0.09950248756218906
342,0.0,0,0.09950248756218906
343,0.0,0,0.09950248756218906
344,0.0,0,0.09950248756218906
345,0.0,0,0.09950248756218906
346,0.0,0,0.09950248756218906
347,0.0,0,0.09950248756218906
348,0.0,0,0.09950248756218906
349,0.0,0,0.09950248756218906
350,0.0,0,0.09950248756218906
351,0.0,0,0.09950248756218906
352,0.0,0,0.09950248756218906
353,0.0,0,0.09950248756218906
354,0.0,0,0.09950248756218906
355,0.0,0,0.09950248756218906
356,0.0,0,0.09950248756218906
357,0.0,0,0.09950248756218906
358,0.0,0,0.09950248756218906
359,0.0,0,0.09950248756218906
360,0.0,0,0.09950248756218906
361,0.0,0,0.09950248756218906
362,0.0,0,0.09950248756218906
363,0.0,0,0.09950248756218906
364,0.0,0,0.09950248756218906
365,0.0,0,0.09950248756218906
366,0.0,0,0.09950248756218906
367,0.0,0,0.09950248756218906
368,0.0,0,0.09950248756218906
369,0.0,0,0.09950248756218906
370,0.0,0,0.09950248756218906
371,0.0,0,0.09950248756218906
372,0.0,0,0.09950248756218906
373,0.0,0,0.09950248756218906
374,0.0,0,0.09950248756218906
375,0.0,0,0.09950248756218906
376,0.0,0,0.09950248756218906
377,0.0,0,0.09950248756218906
378,0.0,0,0.09950248756218906
379,0.0,0,0.09950248756218906
380,0.0,0,0.09950248756218906
381,0.0,0,0.09950248756218906
382,0.0,0,0.09950248756218906
383,0.0,0,0.09950248756218906
384,0.0,0,0.09950248756218906
385,0.0,0,0.09950248756218906
386,0.0,0,0.09950248756218906
387,0.0,0,0.09950248756218906
388,0.0,0,0.09950248756218906
389,0.0,0,0.09950248756218906
390,0.0,0,0.09950248756218906
391,0.0,0,0.09950248756218906
392,0.0,0,0.09950248756218906
393,0.0,0,0.09950248756218906
394,0.0,0,0.09950248756218906
395,0.0,0,0.09950248756218906
396,0.0,0,0.09950248756218906
397,0.0,0,0.09950248756218906
398,0.0,0,0.09950248756218906
399,0.0,0,0.09950248756218906
400,0.0,0,0.09950248756218906
401,0.0,0,0.09950248756218906
402,0.0,0,0.09950248756218906
403,0.0,0,0.09950248756218906
404,0.0,0,0.09950248756218906
405,0.0,0,0.09950248756218906
406,0.0,0,0.09950248756218906
407,0.0,0,0.09950248756218906
408,0.0,0,0.09950248756218906
409,0.0,0,0.09950248756218906
410,0.0,0,0.09950248756218906
411,0.0,0,0.09950248756218906
412,0.0,0,0.09950248756218906
413,0.0,0,0.09950248756218906
414,0.0,0,0.09950248756218906
415,0.0,0,0.09950248756218906
416,0.0,0,0.09950248756218906
417,0.0,0,0.09950248756218906
418,0.0,0,0.09950248756218906
419,0.0,0,0.09950248756218906
420,0.0,0,0.09950248756218906
421,0.0,0,0.09950248756218906
422,0.0,0,0.09950248756218906
423,0.0,0,0.09950248756218906
424,0.0,0,0.09950248756218906
425,0.0,0,0.09950248756218906
426,0.0,0,0.09950248756218906
427,0.0,0,0.09950248756218906
428,0.0,0,0.09950248756218906
429,0.0,0,0.09950248756218906
430,0.0,0,0.09950248756218906
431,0.0,0,0.09950248756218906
432,0.0,0,0.09950248756218906
433,0.0,0,0.09950248756218906
434,0.0,0,0.09950248756218906
435,0.0,0,0.09950248756218906
436,0.0,0,0.09950248756218906
437,0.0,0,0.09950248756218906
438,0.0,0,0.09950248756218906
439,0.0,0,0.09950248756218906
440,0.0,0,0.09950248756218906
441,0.0,0,0.09950248756218906
442,0.0,0,0.09950248756218906
443,0.0,0,0.09950248756218906
444,0.0,0,0.09950248756218906
445,0.0,0,0.09950248756218906
446,0.0,0,0.09950248756218906
447,0.0,0,0.09950248756218906
448,0.0,0,0.09950248756218906
449,0.0,0,0.09950248756218906
450,0.0,0,0.09950248756218906
451,0.0,0,0.09950248756218906
452,0.0,0,0.09950248756218906
453,0.0,0,0.09950248756218906
454,0.0,0,0.09950248756218906
455,0.0,0,0.09950248756218906
456,0.0,0,0.09950248756218906
457,0.0,0,0.09950248756218906
458,0.0,0,0.09950248756218906
459,0.0,0,0.09950248756218906
460,0.0,0,0.09950248756218906
461,0.0,0,0.09950248756218906
462,0.0,0,0.09950248756218906
463,0.0,0,0.09950248756218906
464,0.0,0,0.09950248756218906
465,0.0,0,0.09950248756218906
466,0.0,0,0.09950248756218906
467,0.0,0,0.09950248756218906
468,0.0,0,0.09950248756218906
469,0.0,0,0.09950248756218906
470,0.0,0,0.09950248756218906
471,0.0,0,0.09950248756218906
472,0.0,0,0.09950248756218906
473,0.0,0,0.09950248756218906
474,0.0,0,0.09950248756218906
475,0.0,0,0.09950248756218906
476,0.0,0,0.09950248756218906
477,0.0,0,0.09950248756218906
478,0.0,0,0.09950248756218906
479,0.0,0,0.09950248756218906
480,0.0,0,0.09950248756218906
481,0.0,0,0.09950248756218906
482,0.0,0,0.09950248756218906
483,0.0,0,0.09950248756218906
484,0.0,0,0.09950248756218906
485,0.0,0,0.09950248756218906
486,0.0,0,0.09950248756218906
487,0.0,0,0.09950248756218906
488,0.0,0,0.09950248756218906
489,0.0,0,0.09950248756218906
490,0.0,0,0.09950248756218906
491,0.0,0,0.09950248756218906
492,0.0,0,0.09950248756218906
493,0.0,0,0.09950248756218906
494,0.0,0,0.09950248756218906
495,0.0,0,0.09950248756218906
496,0.0,0,0.09950248756218906
497,0.0,0,0.09950248756218906
498,0.0,0,0.09950248756218906
499,0.0,0,0.09950248756218906
500,0.0,0,0.09950248756218906
501,0.0,0,0.09950248756218906
502,0.0,0,0.09950248756218906
503,0.0,0,0.09950248756218906
504,0.0,0,0.09950248756218906
505,0.0,0,0.09950248756218906
506,0.0,0,0.09950248756218906
507,0.0,0,0.09950248756218906
508,0.0,0,0.09950248756218906
509,0.0,0,0.09950248756218906
510,0.0,0,0.09950248756218906
511,0.0,0,0.09950248756218906
512,0.0,0,0.09950248756218906
513,0.0,0,0.09950248756218906
514,0.0,0,0.09950248756218906
515,0.0,0,0.09950248756218906
516,0.0,0,0.09950248756218906
517,0.0,0,0.09950248756218906
518,0.0,0,0.09950248756218906
519,0.0,0,0.09950248756218906
520,0.0,0,0.09950248756218906
521,0.0,0,0.09950248756218906
522,0.0,0,0.09950248756218906
523,0.0,0,0.09950248756218906
524,0.0,0,0.09950248756218906
525,0.0,0,0.09950248756218906
526,0.0,0,0.09950248756218906
527,0.0,0,0.09950248756218906
528,0.0,0,0.09950248756218906
529,0.0,0,0.09950248756218906
530,0.0,0,0.09950248756218906
531,0.0,0,0.09950248756218906
532,0.0,0,0.09950248756218906
533,0.0,0,0.09950248756218906
534,0.0,0,0.09950248756218906
535,0.0,0,0.09950248756218906
536,0.0,0,0.09950248756218906
537,0.0,0,0.09950248756218906
538,0.0,0,0.09950248756218906
539,0.0,0,0.09950248756218906
540,0.0,0,0.09950248756218906
541,0.0,0,0.09950248756218906
542,0.0,0,0.09950248756218906
543,0.0,0,0.09950248756218906
544,0.0,0,0.09950248756218906
545,0.0,0,0.09950248756218906
546,0.0,0,0.09950248756218906
547,0.0,0,0.09950248756218906
548,0.0,0,0.09950248756218906
549,0.0,0,0.09950248756218906
550,0.0,0,0.09950248756218906
551,0.0,0,0.09950248756218906
552,0.0,0,0.09950248756218906
553,0.0,0,0.09950248756218906
554,0.0,0,0.09950248756218906
555,0.0,0,0.09950248756218906
556,0.0,0,0.09950248756218906
557,0.0,0,0.09950248756218906
558,0.0,0,0.09950248756218906
559,0.0,0,0.09950248756218906
560,0.0,0,0.09950248756218906
561,0.0,0,0.09950248756218906
562,0.0,0,0.09950248756218906
563,0.0,0,0.09950248756218906
564,0.0,0,0.09950248756218906
565,0.0,0,0.09950248756218906
566,0.0,0,0.09950248756218906
567,0.0,0,0.09950248756218906
568,0.0,0,0.09950248756218906
569,0.0,0,0.09950248756218906
570,0.0,0,0.09950248756218906
571,0.0,0,0.09950248756218906
572,0.0,0,0.09950248756218906
573,0.0,0,0.09950248756218906
574,0.0,0,0.09950248756218906
575,0.0,0,0.09950248756218906
576,0.0,0,0.09950248756218906
577,0.0,0,0.09950248756218906
578,0.0,0,0.09950248756218906
579,0.0,0,0.09950248756218906
580,0.0,0,0.09950248756218906
581,0.0,0,0.09950248756218906
582,0.0,0,0.09950248756218906
583,0.0,0,0.09950248756218906
584,0.0,0,0.09950248756218906
585,0.0,0,0.09950248756218906
586,0.0,0,0.09950248756218906
587,0.0,0,0.09950248756218906
588,0.0,0,0.09950248756218906
589,0.0,0,0.09950248756218906
590,0.0,0,0.09950248756218906
591,0.0,0,0.09950248756218906
592,0.0,0,0.09950248756218906
593,0.0,0,0.09950248756218906
594,0.0,0,0.09950248756218906
595,0.0,0,0.09950248756218906
596,0.0,0,0.09950248756218906
597,0.0,0,0.09950248756218906
598,0.0,0,0.09950248756218906
599,0.0,0,0.09950248756218906
600,0.0,0,0.09950248756218906
601,0.0,0,0.09950248756218906
602,0.0,0,0.09950248756218906
603,0.0,0,0.09950248756218906
604,0.0,0,0.09950248756218906
605,0.0,0,0.09950248756218906
606,0.0,0,0.09950248756218906
607,0.0,0,0.09950248756218906
608,0.0,0,0.09950248756218906
609,0.0,0,0.09950248756218906
610,0.0,0,0.09950248756218906
611,0.0,0,0.09950248756218906
612,0.0,0,0.09950248756218906
613,0.0,0,0.09950248756218906
614,0.0,0,0.09950248756218906
615,0.0,0,0.09950248756218906
616,0.0,0,0.09950248756218906
617,0.0,0,0.09950248756218906
618,0.0,0,0.09950248756218906
619,0.0,0,0.09950248756218906
620,0.0,0,0.09950248756218906
621,0.0,0,0.09950248756218906
622,0.0,0,0.09950248756218906
623,0.0,0,0.09950248756218906
624,0.0,0,0.09950248756218906
625,0.0,0,0.09950248756218906
626,0.0,0,0.09950248756218906
627,0.0,0,0.09950248756218906
628,0.0,0,0.09950248756218906
629,0.0,0,0.09950248756218906
630,0.0,0,0.09950248756218906
631,0.0,0,0.09950248756218906
632,0.0,0,0.09950248756218906
633,0.0,0,0.09950248756218906
634,0.0,0,0.09950248756218906
635,0.0,0,0.09950248756218906
636,0.0,0,0.09950248756218906
637,0.0,0,0.09950248756218906
638,0.0,0,0.09950248756218906
639,0.0,0,0.09950248756218906
640,0.0,0,0.09950248756218906
641,0.0,0,0.09950248756218906
642,0.0,0,0.09950248756218906
643,0.0,0,0.09950248756218906
644,0.0,0,0.09950248756218906
645,0.0,0,0.09950248756218906
646,0.0,0,0.09950248756218906
647,0.0,0,0.09950248756218906
648,0.0,0,0.09950248756218906
649,0.0,0,0.09950248756218906
650,0.0,0,0.09950248756218906
651,0.0,0,0.09950248756218906
652,0.0,0,0.09950248756218906
653,0.0,0,0.09950248756218906
654,0.0,0,0.09950248756218906
655,0.0,0,0.09950248756218906
656,0.0,0,0.09950248756218906
657,0.0,0,0.09950248756218906
658,0.0,0,0.09950248756218906
659,0.0,0,0.09950248756218906
660,0.0,0,0.09950248756218906
661,0.0,0,0.09950248756218906
662,0.0,0,0.09950248756218906
663,0.0,0,0.09950248756218906
664,0.0,0,0.09950248756218906
665,0.0,0,0.09950248756218906
666,0.0,0,0.09950248756218906
667,0.0,0,0.09950248756218906
668,0.0,0,0.09950248756218906
669,0.0,0,0.09950248756218906
670,0.0,0,0.09950248756218906
671,0.0,0,0.09950248756218906
672,0.0,0,0.09950248756218906
673,0.0,0,0.09950248756218906
674,0.0,0,0.09950248756218906
675,0.0,0,0.09950248756218906
676,0.0,0,0.09950248756218906
677,0.0,0,0.09950248756218906
678,0.0,0,0.09950248756218906
679,0.0,0,0.09950248756218906
680,0.0,0,0.09950248756218906
681,0.0,0,0.09950248756218906
682,0.0,0,0.09950248756218906
683,0.0,0,0.09950248756218906
684,0.0,0,0.09950248756218906
685,0.0,0,0.09950248756218906
686,0.0,0,0.09950248756218906
687,0.0,0,0.09950248756218906
688,0.0,0,0.09950248756218906
689,0.0,0,0.09950248756218906
690,0.0,0,0.09950248756218906
691,0.0,0,0.09950248756218906
692,0.0,0,0.09950248756218906
693,0.0,0,0.09950248756218906
694,0.0,0,0.09950248756218906
695,0.0,0,0.09950248756218906
696,0.0,0,0.09950248756218906
697,0.0,0,0.09950248756218906
698,0.0,0,0.09950248756218906
699,0.0,0,0.09950248756218906
700,0.0,0,0.09950248756218906
701,0.0,0,0.09950248756218906
702,0.0,0,0.09950248756218906
703,0.0,0,0.09950248756218906
704,0.0,0,0.09950248756218906
705,0.0,0,0.09950248756218906
706,0.0,0,0.09950248756218906
707,0.0,0,0.09950248756218906
708,0.0,0,0.09950248756218906
709,0.0,0,0.09950248756218906
710,0.0,0,0.09950248756218906
711,0.0,0,0.09950248756218906
712,0.0,0,0.09950248756218906
713,0.0,0,0.09950248756218906
714,0.0,0,0.09950248756218906
715,0.0,0,0.09950248756218906
716,0.0,0,0.09950248756218906
717,0.0,0,0.09950248756218906
718,0.0,0,0.09950248756218906
719,0.0,0,0.09950248756218906
720,0.0,0,0.09950248756218906
721,0.0,0,0.09950248756218906
722,0.0,0,0.09950248756218906
723,0.0,0,0.09950248756218906
724,0.0,0,0.09950248756218906
725,0.0,0,0.09950248756218906
726,0.0,0,0.09950248756218906
727,0.0,0,0.09950248756218906
728,0.0,0,0.09950248756218906
729,0.0,0,0.09950248756218906
730,0.0,0,0.09950248756218906
731,0.0,0,0.09950248756218906
732,0.0,0,0.09950248756218906
733,0.0,0,0.09950248756218906
734,0.0,0,0.09950248756218906
735,0.0,0,0.09950248756218906
736,0.0,0,0.09950248756218906
737,0.0,0,0.09950248756218906
738,0.0,0,0.09950248756218906
739,0.0,0,0.09950248756218906
740,0.0,0,0.09950248756218906
741,0.0,0,0.09950248756218906
742,0.0,0,0.09950248756218906
743,0.0,0,0.09950248756218906
744,0.0,0,0.09950248756218906
745,0.0,0,0.09950248756218906
746,0.0,0,0.09950248756218906
747,0.0,0,0.09950248756218906
748,0.0,0,0.09950248756218906
749,0.0,0,0.09950248756218906
750,0.0,0,0.09950248756218906
751,0.0,0,0.09950248756218906
752,0.0,0,0.09950248756218906
753,0.0,0,0.09950248756218906
754,0.0,0,0.09950248756218906
755,0.0,0,0.09950248756218906
756,0.0,0,0.09950248756218906
757,0.0,0,0.09950248756218906
758,0.0,0,0.09950248756218906
759,0.0,0,0.09950248756218906
760,0.0,0,0.09950248756218906
761,0.0,0,0.09950248756218906
762,0.0,0,0.09950248756218906
763,0.0,0,0.09950248756218906
764,0.0,0,0.09950248756218906
765,0.0,0,0.09950248756218906
766,0.0,0,0.09950248756218906
767,0.0,0,0.09950248756218906
768,0.0,0,0.09950248756218906
769,0.0,0,0.09950248756218906
770,0.0,0,0.09950248756218906
771,0.0,0,0.09950248756218906
772,0.0,0,0.09950248756218906
773,0.0,0,0.09950248756218906
774,0.0,0,0.09950248756218906
775,0.0,0,0.09950248756218906
776,0.0,0,0.09950248756218906
777,0.0,0,0.09950248756218906
778,0.0,0,0.09950248756218906
779,0.0,0,0.09950248756218906
780,0.0,0,0.09950248756218906
781,0.0,0,0.09950248756218906
782,0.0,0,0.09950248756218906
783,0.0,0,0.09950248756218906
784,0.0,0,0.09950248756218906
785,0.0,0,0.09950248756218906
786,0.0,0,0.09950248756218906
787,0.0,0,0.09950248756218906
788,0.0,0,0.09950248756218906
789,0.0,0,0.09950248756218906
790,0.0,0,0.09950248756218906
791,0.0,0,0.09950248756218906
792,0.0,0,0.09950248756218906
793,0.0,0,0.09950248756218906
794,0.0,0,0.09950248756218906
795,0.0,0,0.09950248756218906
796,0.0,0,0.09950248756218906
797,0.0,0,0.09950248756218906
798,0.0,0,0.09950248756218906
799,0.0,0,0.09950248756218906
800,0.0,0,0.09950248756218906
801,0.0,0,0.09950248756218906
802,0.0,0,0.09950248756218906
803,0.0,0,0.09950248756218906
804,0.0,0,0.09950248756218906
805,0.0,0,0.09950248756218906
806,0.0,0,0.09950248756218906
807,0.0,0,0.09950248756218906
808,0.0,0,0.09950248756218906
809,0.0,0,0.09950248756218906
810,0.0,0,0.09950248756218906
811,0.0,0,0.09950248756218906
812,0.0,0,0.09950248756218906
813,0.0,0,0.09950248756218906
814,0.0,0,0.09950248756218906
815,0.0,0,0.09950248756218906
816,0.0,0,0.09950248756218906
817,0.0,0,0.09950248756218906
818,0.0,0,0.09950248756218906
819,0.0,0,0.09950248756218906
820,0.0,0,0.09950248756218906
821,0.0,0,0.09950248756218906
822,0.0,0,0.09950248756218906
823,0.0,0,0.09950248756218906
824,0.0,0,0.09950248756218906
825,0.0,0,0.09950248756218906
826,0.0,0,0.09950248756218906
827,0.0,0,0.09950248756218906
828,0.0,0,0.09950248756218906
829,0.0,0,0.09950248756218906
830,0.0,0,0.09950248756218906
831,0.0,0,0.09950248756218906
832,0.0,0,0.09950248756218906
833,0.0,0,0.09950248756218906
834,0.0,0,0.09950248756218906
835,0.0,0,0.09950248756218906
836,0.0,0,0.09950248756218906
837,0.0,0,0.09950248756218906
838,0.0,0,0.09950248756218906
839,0.0,0,0.09950248756218906
840,0.0,0,0.09950248756218906
841,0.0,0,0.09950248756218906
842,0.0,0,0.09950248756218906
843,0.0,0,0.09950248756218906
844,0.0,0,0.09950248756218906
845,0.0,0,0.09950248756218906
846,0.0,0,0.09950248756218906
847,0.0,0,0.09950248756218906
848,0.0,0,0.09950248756218906
849,0.0,0,0.09950248756218906
850,0.0,0,0.09950248756218906
851,0.0,0,0.09950248756218906
852,0.0,0,0.09950248756218906
853,0.0,0,0.09950248756218906
854,0.0,0,0.09950248756218906
855,0.0,0,0.09950248756218906
856,0.0,0,0.09950248756218906
857,0.0,0,0.09950248756218906
858,0.0,0,0.09950248756218906
859,0.0,0,0.09950248756218906
860,0.0,0,0.09950248756218906
861,0.0,0,0.09950248756218906
862,0.0,0,0.09950248756218906
863,0.0,0,0.09950248756218906
864,0.0,0,0.09950248756218906
865,0.0,0,0.09950248756218906
866,0.0,0,0.09950248756218906
867,0.0,0,0.09950248756218906
868,0.0,0,0.09950248756218906
869,0.0,0,0.09950248756218906
870,0.0,0,0.09950248756218906
871,0.0,0,0.09950248756218906
872,0.0,0,0.09950248756218906
873,0.0,0,0.09950248756218906
874,0.0,0,0.09950248756218906
875,0.0,0,0.09950248756218906
876,0.0,0,0.09950248756218906
877,0.0,0,0.09950248756218906
878,0.0,0,0.09950248756218906
879,0.0,0,0.09950248756218906
880,0.0,0,0.09950248756218906
881,0.0,0,0.09950248756218906
882,0.0,0,0.09950248756218906
883,0.0,0,0.09950248756218906
884,0.0,0,0.09950248756218906
885,0.0,0,0.09950248756218906
886,0.0,0,0.09950248756218906
887,0.0,0,0.09950248756218906
888,0.0,0,0.09950248756218906
889,0.0,0,0.09950248756218906
890,0.0,0,0.09950248756218906
891,0.0,0,0.09950248756218906
892,0.0,0,0.09950248756218906
893,0.0,0,0.09950248756218906
894,0.0,0,0.09950248756218906
895,0.0,0,0.09950248756218906
896,0.0,0,0.09950248756218906
897,0.0,0,0.09950248756218906
898,0.0,0,0.09950248756218906
899,0.0,0,0.09950248756218906
900,0.0,0,0.09950248756218906
901,-0.0004975124378109452,-1/2010,0.09950248756218906
902,-0.0014925373134328358,-1/670,0.09950248756218906
903,-0.0029850746268656717,-1/335,0.09950248756218906
904,-0.004975124378109453,-1/201,0.09950248756218906
905,-0.007462686567164179,-1/134,0.09950248756218906
906,-0.010447761194029851,-7/670,0.09950248756218906
907,-0.013930348258706468,-14/1005,0.09950248756218906
908,-0.01791044776119403,-6/335,0.09950248756218906
909,-0.022388059701492536,-3/134,0.09950248756218906
910,-0.02736318407960199,-11/402,0.09950248756218906
911,-0.03283582089552239,-11/335,0.09950248756218906
912,-0.03880597014925373,-13/335,0.09950248756218906
913,-0.04527363184079602,-91/2010,0.09950248756218906
914,-0.05223880597014925,-7/134,0.09950248756218906
915,-0.05970149253731343,-4/67,0.09950248756218906
916,-0.06766169154228856,-68/1005,0.09950248756218906
917,-0.07611940298507462,-51/670,0.09950248756218906
918,-0.08507462686567165,-57/670,0.09950248756218906
919,-0.0945273631840796,-19/201,0.09950248756218906
920,-0.1044776119402985,-7/67,0.09950248756218906
921,-0.11492537313432835,-77/670,0.09950248756218906
922,-0.12587064676616916,-253/2010,0.09950248756218906
923,-0.1373134328358209,-46/335,0.09950248756218906
924,-0.14925373134328357,-10/67,0.09950248756218906
925,-0.16169154228855723,-65/402,0.09950248756218906
926,-0.1746268656716418,-117/670,0.09950248756218906
927,-0.1880597014925373,-63/335,0.09950248756218906
928,-0.2019900497512438,-203/1005,0.09950248756218906
929,-0.21641791044776118,-29/134,0.09950248756218906
930,-0.23134328358208955,-31/134,0.09950248756218906
931,-0.24676616915422886,-248/1005,0.09950248756218906
932,-0.2626865671641791,-88/335,0.09950248756218906
933,-0.2791044776119403,-187/670,0.09950248756218906
934,-0.2960199004975124,-119/402,0.09950248756218906
935,-0.31343283582089554,-21/67,0.09950248756218906
936,-0.33134328358208953,-111/335,0.09950248756218906
937,-0.3497512437810945,-703/2010,0.09950248756218906
938,-0.3686567164179104,-247/670,0.09950248756218906
939,-0.3880597014925373,-26/67,0.09950248756218906
940,-0.4079601990049751,-82/201,0.09950248756218906
941,-0.42835820895522386,-287/670,0.09950248756218906
942,-0.44925373134328356,-301/670,0.09950248756218906
943,-0.47064676616915424,-473/1005,0.09950248756218906
944,-0.4925373134328358,-33/67,0.09950248756218906
945,-0.5149253731343284,-69/134,0.09950248756218906
946,-0.5378109452736318,-1081/2010,0.09950248756218906
947,-0.5611940298507463,-188/335,0.09950248756218906
948,-0.5850746268656717,-196/335,0.09950248756218906
949,-0.6094527363184079,-245/402,0.09950248756218906
950,-0.6343283582089553,-85/134,0.09950248756218906
951,-0.6597014925373135,-221/335,0.09950248756218906
952,-0.6855721393034826,-689/1005,0.09950248756218906
953,-0.7119402985074627,-477/670,0.09950248756218906
954,-0.7388059701492538,-99/134,0.09950248756218906
955,-0.7661691542288557,-154/201,0.09950248756218906
956,-0.7940298507462686,-266/335,0.09950248756218906
957,-0.8223880597014925,-551/670,0.09950248756218906
958,-0.8512437810945274,-1711/2010,0.09950248756218906
959,-0.8805970149253731,-59/67,0.09950248756218906
960,-0.9104477611940298,-61/67,0.09950248756218906
961,-0.9407960199004975,-1891/2010,0.09950248756218906
962,-0.9716417910447761,-651/670,0.09950248756218906
963,-1.0029850746268656,-336/335,0.09950248756218906
964,-1.0348258706467661,-208/201,0.09950248756218906
965,-1.0671641791044777,-143/134,0.09950248756218906
966,-1.1,-11/10,0.09950248756218906
967,-1.1333333333333333,-17/15,0.09950248756218906
968,-1.1671641791044776,-391/335,0.09950248756218906
969,-1.2014925373134329,-161/134,0.09950248756218906
970,-1.236318407960199,-497/402,0.09950248756218906
971,-1.2716417910447761,-426/335,0.09950248756218906
972,-1.3074626865671641,-438/335,0.09950248756218906
973,-1.3437810945273632,-2701/2010,0.09950248756218906
974,-1.3805970149253732,-185/134,0.09950248756218906
975,-1.4179104477611941,-95/67,0.09950248756218906
976,-1.4557213930348258,-1463/1005,0.09950248756218906
977,-1.4940298507462686,-1001/670,0.09950248756218906
978,-1.5328358208955224,-1027/670,0.09950248756218906
979,-1.572139303482587,-316/201,0.09950248756218906
980,-1.6119402985074627,-108/67,0.09950248756218906
981,-1.6522388059701492,-1107/670,0.09950248756218906
982,-1.6930348258706467,-3403/2010,0.09950248756218906
983,-1.7343283582089553,-581/335,0.09950248756218906
984,-1.7761194029850746,-119/67,0.09950248756218906
985,-1.818407960199005,-731/402,0.09950248756218906
986,-1.8611940298507463,-1247/670,0.09950248756218906
987,-1.9044776119402984,-638/335,0.09950248756218906
988,-1.9482587064676617,-1958/1005,0.09950248756218906
989,-1.992537313432836,-267/134,0.09950248756218906
990,-2.037313432835821,-273/134,0.09950248756218906
991,-2.0825870646766167,-2093/1005,0.09950248756218906
992,-2.1283582089552238,-713/335,0.09950248756218906
993,-2.174626865671642,-1457/670,0.09950248756218906
994,-2.2213930348258706,-893/402,0.09950248756218906
995,-2.2686567164179103,-152/67,0.09950248756218906
996,-2.316417910447761,-776/335,0.09950248756218906
997,-2.364676616915423,-4753/2010,0.09950248756218906
998,-2.4134328358208954,-1617/670,0.09950248756218906
999,-2.462686567164179,-165/67,0.09950248756218906
1000,-2.512437810945274,-505/201,0.04975124378109453
