stock,remaining_capacity,renewal,probability_per_thousand,packet,mean_exact,mean,variance_exact,variance,lost_nominal_mean_exact,lost_nominal_mean,positive_probability_exact,positive_probability
0,24,frequent-small,60,1,3/50,0.06,141/2500,0.0564,0,0.0,3/50,0.06
0,24,reference,15,4,3/50,0.06,591/2500,0.2364,0,0.0,3/200,0.015
0,24,rare-large,5,12,3/50,0.06,1791/2500,0.7164,0,0.0,1/200,0.005
1,23,frequent-small,60,1,3/50,0.06,141/2500,0.0564,0,0.0,3/50,0.06
1,23,reference,15,4,3/50,0.06,591/2500,0.2364,0,0.0,3/200,0.015
1,23,rare-large,5,12,3/50,0.06,1791/2500,0.7164,0,0.0,1/200,0.005
2,22,frequent-small,60,1,3/50,0.06,141/2500,0.0564,0,0.0,3/50,0.06
2,22,reference,15,4,3/50,0.06,591/2500,0.2364,0,0.0,3/200,0.015
2,22,rare-large,5,12,3/50,0.06,1791/2500,0.7164,0,0.0,1/200,0.005
3,21,frequent-small,60,1,3/50,0.06,141/2500,0.0564,0,0.0,3/50,0.06
3,21,reference,15,4,3/50,0.06,591/2500,0.2364,0,0.0,3/200,0.015
3,21,rare-large,5,12,3/50,0.06,1791/2500,0.7164,0,0.0,1/200,0.005
4,20,frequent-small,60,1,3/50,0.06,141/2500,0.0564,0,0.0,3/50,0.06
4,20,reference,15,4,3/50,0.06,591/2500,0.2364,0,0.0,3/200,0.015
4,20,rare-large,5,12,3/50,0.06,1791/2500,0.7164,0,0.0,1/200,0.005
5,19,frequent-small,60,1,3/50,0.06,141/2500,0.0564,0,0.0,3/50,0.06
5,19,reference,15,4,3/50,0.06,591/2500,0.2364,0,0.0,3/200,0.015
5,19,rare-large,5,12,3/50,0.06,1791/2500,0.7164,0,0.0,1/200,0.005
6,18,frequent-small,60,1,3/50,0.06,141/2500,0.0564,0,0.0,3/50,0.06
6,18,reference,15,4,3/50,0.06,591/2500,0.2364,0,0.0,3/200,0.015
6,18,rare-large,5,12,3/50,0.06,1791/2500,0.7164,0,0.0,1/200,0.005
7,17,frequent-small,60,1,3/50,0.06,141/2500,0.0564,0,0.0,3/50,0.06
7,17,reference,15,4,3/50,0.06,591/2500,0.2364,0,0.0,3/200,0.015
7,17,rare-large,5,12,3/50,0.06,1791/2500,0.7164,0,0.0,1/200,0.005
8,16,frequent-small,60,1,3/50,0.06,141/2500,0.0564,0,0.0,3/50,0.06
8,16,reference,15,4,3/50,0.06,591/2500,0.2364,0,0.0,3/200,0.015
8,16,rare-large,5,12,3/50,0.06,1791/2500,0.7164,0,0.0,1/200,0.005
9,15,frequent-small,60,1,3/50,0.06,141/2500,0.0564,0,0.0,3/50,0.06
9,15,reference,15,4,3/50,0.06,591/2500,0.2364,0,0.0,3/200,0.015
9,15,rare-large,5,12,3/50,0.06,1791/2500,0.7164,0,0.0,1/200,0.005
10,14,frequent-small,60,1,3/50,0.06,141/2500,0.0564,0,0.0,3/50,0.06
10,14,reference,15,4,3/50,0.06,591/2500,0.2364,0,0.0,3/200,0.015
10,14,rare-large,5,12,3/50,0.06,1791/2500,0.7164,0,0.0,1/200,0.005
11,13,frequent-small,60,1,3/50,0.06,141/2500,0.0564,0,0.0,3/50,0.06
11,13,reference,15,4,3/50,0.06,591/2500,0.2364,0,0.0,3/200,0.015
11,13,rare-large,5,12,3/50,0.06,1791/2500,0.7164,0,0.0,1/200,0.005
12,12,frequent-small,60,1,3/50,0.06,141/2500,0.0564,0,0.0,3/50,0.06
12,12,reference,15,4,3/50,0.06,591/2500,0.2364,0,0.0,3/200,0.015
12,12,rare-large,5,12,3/50,0.06,1791/2500,0.7164,0,0.0,1/200,0.005
13,11,frequent-small,60,1,3/50,0.06,141/2500,0.0564,0,0.0,3/50,0.06
13,11,reference,15,4,3/50,0.06,591/2500,0.2364,0,0.0,3/200,0.015
13,11,rare-large,5,12,11/200,0.055,24079/40000,0.601975,1/200,0.005,1/200,0.005
14,10,frequent-small,60,1,3/50,0.06,141/2500,0.0564,0,0.0,3/50,0.06
14,10,reference,15,4,3/50,0.06,591/2500,0.2364,0,0.0,3/200,0.015
14,10,rare-large,5,12,1/20,0.05,199/400,0.4975,1/100,0.01,1/200,0.005
15,9,frequent-small,60,1,3/50,0.06,141/2500,0.0564,0,0.0,3/50,0.06
15,9,reference,15,4,3/50,0.06,591/2500,0.2364,0,0.0,3/200,0.015
15,9,rare-large,5,12,9/200,0.045,16119/40000,0.402975,3/200,0.015,1/200,0.005
16,8,frequent-small,60,1,3/50,0.06,141/2500,0.0564,0,0.0,3/50,0.06
16,8,reference,15,4,3/50,0.06,591/2500,0.2364,0,0.0,3/200,0.015
16,8,rare-large,5,12,1/25,0.04,199/625,0.3184,1/50,0.02,1/200,0.005
17,7,frequent-small,60,1,3/50,0.06,141/2500,0.0564,0,0.0,3/50,0.06
17,7,reference,15,4,3/50,0.06,591/2500,0.2364,0,0.0,3/200,0.015
17,7,rare-large,5,12,7/200,0.035,9751/40000,0.243775,1/40,0.025,1/200,0.005
18,6,frequent-small,60,1,3/50,0.06,141/2500,0.0564,0,0.0,3/50,0.06
18,6,reference,15,4,3/50,0.06,591/2500,0.2364,0,0.0,3/200,0.015
18,6,rare-large,5,12,3/100,0.03,1791/10000,0.1791,3/100,0.03,1/200,0.005
19,5,frequent-small,60,1,3/50,0.06,141/2500,0.0564,0,0.0,3/50,0.06
19,5,reference,15,4,3/50,0.06,591/2500,0.2364,0,0.0,3/200,0.015
19,5,rare-large,5,12,1/40,0.025,199/1600,0.124375,7/200,0.035,1/200,0.005
20,4,frequent-small,60,1,3/50,0.06,141/2500,0.0564,0,0.0,3/50,0.06
20,4,reference,15,4,3/50,0.06,591/2500,0.2364,0,0.0,3/200,0.015
20,4,rare-large,5,12,1/50,0.02,199/2500,0.0796,1/25,0.04,1/200,0.005
21,3,frequent-small,60,1,3/50,0.06,141/2500,0.0564,0,0.0,3/50,0.06
21,3,reference,15,4,9/200,0.045,5319/40000,0.132975,3/200,0.015,3/200,0.015
21,3,rare-large,5,12,3/200,0.015,1791/40000,0.044775,9/200,0.045,1/200,0.005
22,2,frequent-small,60,1,3/50,0.06,141/2500,0.0564,0,0.0,3/50,0.06
22,2,reference,15,4,3/100,0.03,591/10000,0.0591,3/100,0.03,3/200,0.015
22,2,rare-large,5,12,1/100,0.01,199/10000,0.0199,1/20,0.05,1/200,0.005
23,1,frequent-small,60,1,3/50,0.06,141/2500,0.0564,0,0.0,3/50,0.06
23,1,reference,15,4,3/200,0.015,591/40000,0.014775,9/200,0.045,3/200,0.015
23,1,rare-large,5,12,1/200,0.005,199/40000,0.004975,11/200,0.055,1/200,0.005
24,0,frequent-small,60,1,0,0.0,0,0.0,3/50,0.06,0,0.0
24,0,reference,15,4,0,0.0,0,0.0,3/50,0.06,0,0.0
24,0,rare-large,5,12,0,0.0,0,0.0,3/50,0.06,0,0.0
